{
"type": "FeatureCollection",
"name": "railway",
"crs": { "type": "name", "properties": { "name": "urn:ogc:def:crs:OGC:1.3:CRS84" } },
"features": [
{ "type": "Feature", "properties": { "osm_id": "79503309", "code": 6101, "fclass": "rail", "name": "鹰厦线", "layer": 0, "bridge": "F", "tunnel": "F" }, "geometry": { "type": "MultiLineString", "coordinates": [ [ [ 118.1193715, 24.4790446 ], [ 118.1181496, 24.4772379 ], [ 118.1176079, 24.4764219 ] ] ] } },
{ "type": "Feature", "properties": { "osm_id": "127162606", "code": 6101, "fclass": "rail", "name": null, "layer": 0, "bridge": "F", "tunnel": "F" }, "geometry": { "type": "MultiLineString", "coordinates": [ [ [ 118.1198327, 24.4796424 ], [ 118.1203899, 24.4803258 ], [ 118.1208238, 24.4810973 ], [ 118.1214166, 24.4819187 ], [ 118.1217089, 24.4823435 ], [ 118.1220804, 24.4826937 ], [ 118.1224774, 24.4829598 ], [ 118.1233166, 24.4836771 ], [ 118.1244009, 24.4846551 ], [ 118.1253701, 24.4855197 ], [ 118.1272751, 24.4872088 ] ] ] } },
{ "type": "Feature", "properties": { "osm_id": "127162613", "code": 6101, "fclass": "rail", "name": null, "layer": 0, "bridge": "F", "tunnel": "F" }, "geometry": { "type": "MultiLineString", "coordinates": [ [ [ 118.1052522, 24.4661631 ], [ 118.10579, 24.4665025 ] ] ] } },
{ "type": "Feature", "properties": { "osm_id": "127162614", "code": 6101, "fclass": "rail", "name": null, "layer": 0, "bridge": "F", "tunnel": "F" }, "geometry": { "type": "MultiLineString", "coordinates": [ [ [ 118.1066027, 24.4672166 ], [ 118.1064154, 24.4670737 ], [ 118.1052522, 24.4661631 ], [ 118.1047775, 24.4657908 ], [ 118.1044583, 24.465565 ], [ 118.1039688, 24.4651951 ] ] ] } },
{ "type": "Feature", "properties": { "osm_id": "127162617", "code": 6101, "fclass": "rail", "name": null, "layer": 0, "bridge": "F", "tunnel": "F" }, "geometry": { "type": "MultiLineString", "coordinates": [ [ [ 118.1122188, 24.5385892 ], [ 118.111888, 24.5391203 ], [ 118.111458, 24.5398842 ], [ 118.1112502, 24.5401826 ], [ 118.1110586, 24.5404945 ], [ 118.1108208, 24.5408815 ], [ 118.1107574, 24.5409919 ], [ 118.1105491, 24.5413546 ], [ 118.1103926, 24.5416794 ], [ 118.1102164, 24.5420451 ], [ 118.1099353, 24.542629 ], [ 118.1098322, 24.5429274 ], [ 118.1097713, 24.54323 ], [ 118.1097526, 24.5434601 ], [ 118.1097722, 24.543629 ], [ 118.1097802, 24.5436564 ], [ 118.1098161, 24.5437794 ], [ 118.1098295, 24.5438219 ], [ 118.1098992, 24.5440428 ], [ 118.1101789, 24.5445299 ], [ 118.1103524, 24.5447931 ], [ 118.1104198, 24.5448953 ], [ 118.1104302, 24.5449178 ], [ 118.1105682, 24.5451381 ], [ 118.1106756, 24.5453525 ], [ 118.1108349, 24.5457403 ], [ 118.1108677, 24.5460429 ], [ 118.1108536, 24.5463839 ], [ 118.1107927, 24.5466439 ], [ 118.1106662, 24.5469251 ], [ 118.1103242, 24.5474707 ], [ 118.1094855, 24.5487961 ], [ 118.1092887, 24.5491328 ], [ 118.1091497, 24.5493364 ], [ 118.1083913, 24.5504477 ], [ 118.1082361, 24.550752 ], [ 118.108108, 24.5510208 ], [ 118.1079206, 24.5512936 ], [ 118.1075836, 24.5515685 ], [ 118.1075516, 24.5515946 ], [ 118.1070256, 24.5520227 ], [ 118.1049969, 24.553672 ] ] ] } },
{ "type": "Feature", "properties": { "osm_id": "127162619", "code": 6101, "fclass": "rail", "name": "鹰厦线", "layer": 1, "bridge": "T", "tunnel": "F" }, "geometry": { "type": "MultiLineString", "coordinates": [ [ [ 118.1193715, 24.4790446 ], [ 118.1197965, 24.4796443 ] ] ] } },
{ "type": "Feature", "properties": { "osm_id": "127162620", "code": 6101, "fclass": "rail", "name": null, "layer": 0, "bridge": "F", "tunnel": "F" }, "geometry": { "type": "MultiLineString", "coordinates": [ [ [ 118.1075516, 24.5515946 ], [ 118.1072487, 24.5518902 ], [ 118.1050356, 24.5537204 ] ] ] } },
{ "type": "Feature", "properties": { "osm_id": "127162621", "code": 6101, "fclass": "rail", "name": null, "layer": 0, "bridge": "F", "tunnel": "F" }, "geometry": { "type": "MultiLineString", "coordinates": [ [ [ 118.1234593, 24.4837316 ], [ 118.1230395, 24.483355 ], [ 118.1224774, 24.4829598 ] ] ] } },
{ "type": "Feature", "properties": { "osm_id": "127162622", "code": 6101, "fclass": "rail", "name": null, "layer": 0, "bridge": "F", "tunnel": "F" }, "geometry": { "type": "MultiLineString", "coordinates": [ [ [ 118.1273266, 24.4871704 ], [ 118.1248837, 24.4850006 ], [ 118.1234593, 24.4837316 ] ] ] } },
{ "type": "Feature", "properties": { "osm_id": "127162623", "code": 6101, "fclass": "rail", "name": null, "layer": 1, "bridge": "T", "tunnel": "F" }, "geometry": { "type": "MultiLineString", "coordinates": [ [ [ 118.1194156, 24.4790272 ], [ 118.1198327, 24.4796424 ] ] ] } },
{ "type": "Feature", "properties": { "osm_id": "127162624", "code": 6101, "fclass": "rail", "name": null, "layer": 0, "bridge": "F", "tunnel": "F" }, "geometry": { "type": "MultiLineString", "coordinates": [ [ [ 118.1273691, 24.4871335 ], [ 118.1249434, 24.4849898 ], [ 118.123519, 24.4837208 ], [ 118.1230395, 24.483355 ] ] ] } },
{ "type": "Feature", "properties": { "osm_id": "127162625", "code": 6101, "fclass": "rail", "name": null, "layer": 0, "bridge": "F", "tunnel": "F" }, "geometry": { "type": "MultiLineString", "coordinates": [ [ [ 118.124248, 24.4836961 ], [ 118.1244669, 24.4837862 ], [ 118.1247247, 24.4839581 ], [ 118.1265, 24.4855491 ] ] ] } },
{ "type": "Feature", "properties": { "osm_id": "127162626", "code": 6101, "fclass": "rail", "name": null, "layer": 0, "bridge": "F", "tunnel": "F" }, "geometry": { "type": "MultiLineString", "coordinates": [ [ [ 118.1274672, 24.4870468 ], [ 118.1250645, 24.4849153 ], [ 118.123615, 24.483627 ], [ 118.1231085, 24.4833058 ] ] ] } },
{ "type": "Feature", "properties": { "osm_id": "127162627", "code": 6101, "fclass": "rail", "name": null, "layer": 0, "bridge": "F", "tunnel": "F" }, "geometry": { "type": "MultiLineString", "coordinates": [ [ [ 118.1040774, 24.4651158 ], [ 118.1042638, 24.4652977 ], [ 118.1043725, 24.4653856 ], [ 118.1044958, 24.4655064 ], [ 118.1055728, 24.4663121 ] ] ] } },
{ "type": "Feature", "properties": { "osm_id": "127162628", "code": 6101, "fclass": "rail", "name": null, "layer": 0, "bridge": "F", "tunnel": "F" }, "geometry": { "type": "MultiLineString", "coordinates": [ [ [ 118.1273301, 24.4867303 ], [ 118.1251597, 24.4848154 ], [ 118.1237449, 24.4835639 ], [ 118.1236032, 24.4834696 ], [ 118.1233364, 24.4833604 ] ] ] } },
{ "type": "Feature", "properties": { "osm_id": "127162629", "code": 6101, "fclass": "rail", "name": null, "layer": 0, "bridge": "F", "tunnel": "F" }, "geometry": { "type": "MultiLineString", "coordinates": [ [ [ 118.1045187, 24.4653489 ], [ 118.105035, 24.4657444 ], [ 118.1054226, 24.4660374 ], [ 118.1059416, 24.4665721 ], [ 118.1061628, 24.4668077 ] ] ] } },
{ "type": "Feature", "properties": { "osm_id": "127162630", "code": 6101, "fclass": "rail", "name": null, "layer": 0, "bridge": "F", "tunnel": "F" }, "geometry": { "type": "MultiLineString", "coordinates": [ [ [ 118.1228806, 24.4831421 ], [ 118.1233364, 24.4833604 ], [ 118.1236722, 24.4835857 ], [ 118.1251157, 24.4848687 ], [ 118.1275011, 24.4870054 ] ] ] } },
{ "type": "Feature", "properties": { "osm_id": "127162633", "code": 6101, "fclass": "rail", "name": null, "layer": 0, "bridge": "F", "tunnel": "F" }, "geometry": { "type": "MultiLineString", "coordinates": [ [ [ 118.1236092, 24.4833823 ], [ 118.1239601, 24.483486 ], [ 118.1244609, 24.4836661 ], [ 118.1247397, 24.4838107 ], [ 118.1262571, 24.4851807 ] ] ] } },
{ "type": "Feature", "properties": { "osm_id": "127162634", "code": 6101, "fclass": "rail", "name": null, "layer": 0, "bridge": "F", "tunnel": "F" }, "geometry": { "type": "MultiLineString", "coordinates": [ [ [ 118.123622, 24.4834296 ], [ 118.1239931, 24.483576 ], [ 118.124248, 24.4836961 ], [ 118.1244339, 24.4838162 ], [ 118.1247157, 24.4840154 ], [ 118.1265959, 24.4857019 ] ] ] } },
{ "type": "Feature", "properties": { "osm_id": "127162635", "code": 6101, "fclass": "rail", "name": null, "layer": 0, "bridge": "F", "tunnel": "F" }, "geometry": { "type": "MultiLineString", "coordinates": [ [ [ 118.1274203, 24.4870902 ], [ 118.1250425, 24.4849553 ], [ 118.1236103, 24.4836757 ], [ 118.1231085, 24.4833058 ], [ 118.1228806, 24.4831421 ], [ 118.1224774, 24.4829598 ] ] ] } },
{ "type": "Feature", "properties": { "osm_id": "127162637", "code": 6101, "fclass": "rail", "name": null, "layer": 0, "bridge": "F", "tunnel": "F" }, "geometry": { "type": "MultiLineString", "coordinates": [ [ [ 118.126404, 24.4853881 ], [ 118.1246168, 24.4838244 ], [ 118.1244039, 24.4837043 ], [ 118.1239121, 24.4834996 ], [ 118.1236092, 24.4833823 ], [ 118.1233873, 24.4833113 ], [ 118.1228806, 24.4831421 ] ] ] } },
{ "type": "Feature", "properties": { "osm_id": "127162638", "code": 6101, "fclass": "rail", "name": null, "layer": 0, "bridge": "F", "tunnel": "F" }, "geometry": { "type": "MultiLineString", "coordinates": [ [ [ 118.1233873, 24.4833113 ], [ 118.123622, 24.4834296 ], [ 118.1238581, 24.4835487 ], [ 118.1242809, 24.4837889 ], [ 118.1246318, 24.4840017 ], [ 118.1260561, 24.4852871 ], [ 118.1266619, 24.4858247 ] ] ] } },
{ "type": "Feature", "properties": { "osm_id": "127162639", "code": 6101, "fclass": "rail", "name": "鹰厦线", "layer": 0, "bridge": "F", "tunnel": "F" }, "geometry": { "type": "MultiLineString", "coordinates": [ [ [ 118.1197965, 24.4796443 ], [ 118.1204907, 24.4806885 ], [ 118.1216501, 24.4823525 ], [ 118.122177, 24.4828929 ], [ 118.1248352, 24.4852301 ], [ 118.1290731, 24.4891066 ], [ 118.1301984, 24.4903024 ], [ 118.1308276, 24.4912632 ], [ 118.1311498, 24.4919517 ], [ 118.1313788, 24.4926194 ], [ 118.1315226, 24.4932472 ], [ 118.1317169, 24.4946214 ] ] ] } },
{ "type": "Feature", "properties": { "osm_id": "127162643", "code": 6101, "fclass": "rail", "name": null, "layer": 0, "bridge": "F", "tunnel": "F" }, "geometry": { "type": "MultiLineString", "coordinates": [ [ [ 118.0966803, 24.5330758 ], [ 118.0968659, 24.5334053 ], [ 118.0971578, 24.5337766 ], [ 118.0973568, 24.534108 ], [ 118.097486, 24.5343713 ], [ 118.0976823, 24.5347826 ], [ 118.0978746, 24.5350916 ], [ 118.0980466, 24.5353679 ], [ 118.0981861, 24.5355512 ], [ 118.0989457, 24.5365195 ], [ 118.099912, 24.537784 ], [ 118.1008859, 24.5390407 ], [ 118.1013881, 24.5396988 ], [ 118.1015906, 24.5399102 ], [ 118.1017583, 24.5400577 ], [ 118.1020441, 24.5403091 ], [ 118.1024976, 24.5407081 ], [ 118.1026835, 24.5409508 ], [ 118.103009, 24.5413757 ], [ 118.1031349, 24.54154 ], [ 118.1044768, 24.5433097 ], [ 118.1054926, 24.5446326 ] ] ] } },
{ "type": "Feature", "properties": { "osm_id": "127162645", "code": 6101, "fclass": "rail", "name": null, "layer": 0, "bridge": "F", "tunnel": "F" }, "geometry": { "type": "MultiLineString", "coordinates": [ [ [ 118.103777, 24.4648253 ], [ 118.1040774, 24.4651158 ], [ 118.1045387, 24.46546 ], [ 118.1048794, 24.4656956 ], [ 118.1051771, 24.4659349 ], [ 118.1055728, 24.4663121 ], [ 118.10579, 24.4665025 ], [ 118.1061628, 24.4668077 ], [ 118.1066027, 24.4672166 ], [ 118.1068696, 24.4674168 ], [ 118.1070963, 24.4675833 ], [ 118.1073363, 24.4677244 ], [ 118.1076408, 24.4678739 ], [ 118.1077429, 24.4679217 ], [ 118.1080136, 24.4680484 ], [ 118.1082751, 24.4681736 ], [ 118.10844, 24.4682749 ], [ 118.109063, 24.4686568 ], [ 118.109344, 24.4688413 ], [ 118.1111639, 24.4702192 ] ] ] } },
{ "type": "Feature", "properties": { "osm_id": "127162648", "code": 6101, "fclass": "rail", "name": null, "layer": 0, "bridge": "F", "tunnel": "F" }, "geometry": { "type": "MultiLineString", "coordinates": [ [ [ 118.1157652, 24.4740583 ], [ 118.116311, 24.4745355 ], [ 118.1165604, 24.4748333 ], [ 118.1169426, 24.4753704 ], [ 118.1173249, 24.475905 ], [ 118.1174659, 24.476113 ] ] ] } },
{ "type": "Feature", "properties": { "osm_id": "127474888", "code": 6101, "fclass": "rail", "name": null, "layer": 0, "bridge": "F", "tunnel": "F" }, "geometry": { "type": "MultiLineString", "coordinates": [ [ [ 118.1226799, 24.5238756 ], [ 118.1228479, 24.5235029 ] ] ] } },
{ "type": "Feature", "properties": { "osm_id": "127474889", "code": 6101, "fclass": "rail", "name": null, "layer": 0, "bridge": "F", "tunnel": "F" }, "geometry": { "type": "MultiLineString", "coordinates": [ [ [ 118.1230226, 24.5231982 ], [ 118.123154, 24.5228493 ] ] ] } },
{ "type": "Feature", "properties": { "osm_id": "127474890", "code": 6101, "fclass": "rail", "name": null, "layer": 0, "bridge": "F", "tunnel": "F" }, "geometry": { "type": "MultiLineString", "coordinates": [ [ [ 118.1124173, 24.5377272 ], [ 118.1117063, 24.5349707 ], [ 118.111693, 24.5349026 ], [ 118.1116734, 24.5347284 ], [ 118.1116842, 24.5344185 ], [ 118.111778, 24.5341331 ], [ 118.1119484, 24.5337048 ], [ 118.1120718, 24.5335035 ], [ 118.1122796, 24.5332107 ], [ 118.1125237, 24.532946 ], [ 118.1129073, 24.5326434 ], [ 118.1137159, 24.5321688 ], [ 118.1156801, 24.5310656 ], [ 118.1167334, 24.5304785 ], [ 118.1172079, 24.530185 ], [ 118.1175654, 24.5299145 ], [ 118.1179228, 24.5295979 ], [ 118.1183403, 24.529149 ], [ 118.1188401, 24.5285879 ], [ 118.1196246, 24.5276958 ], [ 118.1207823, 24.5263893 ], [ 118.1215826, 24.5254684 ], [ 118.121804, 24.525149 ], [ 118.1224556, 24.5240612 ], [ 118.123154, 24.5228493 ], [ 118.1234037, 24.522416 ], [ 118.1236165, 24.5220467 ], [ 118.1246645, 24.5202502 ], [ 118.1250315, 24.5196286 ], [ 118.1253427, 24.5190737 ] ] ] } },
{ "type": "Feature", "properties": { "osm_id": "127474891", "code": 6101, "fclass": "rail", "name": null, "layer": 0, "bridge": "F", "tunnel": "F" }, "geometry": { "type": "MultiLineString", "coordinates": [ [ [ 118.1224556, 24.5240612 ], [ 118.1228479, 24.5235029 ], [ 118.1230226, 24.5231982 ], [ 118.1238316, 24.5217877 ], [ 118.1247582, 24.5202156 ], [ 118.1250315, 24.5196286 ] ] ] } },
{ "type": "Feature", "properties": { "osm_id": "127474892", "code": 6101, "fclass": "rail", "name": null, "layer": 0, "bridge": "F", "tunnel": "F" }, "geometry": { "type": "MultiLineString", "coordinates": [ [ [ 118.1234037, 24.522416 ], [ 118.1235279, 24.5221301 ], [ 118.1238917, 24.521474 ], [ 118.1249151, 24.5197183 ], [ 118.1253427, 24.5190737 ], [ 118.1257405, 24.5185911 ], [ 118.1268845, 24.5174881 ] ] ] } },
{ "type": "Feature", "properties": { "osm_id": "128159903", "code": 6101, "fclass": "rail", "name": "东渡港线", "layer": 0, "bridge": "F", "tunnel": "F" }, "geometry": { "type": "MultiLineString", "coordinates": [ [ [ 118.1011782, 24.5389111 ], [ 118.100651, 24.5382423 ], [ 118.0999585, 24.5373375 ], [ 118.0990646, 24.536167 ], [ 118.0981319, 24.5349612 ], [ 118.0974965, 24.5341352 ], [ 118.0972302, 24.5338048 ], [ 118.0968039, 24.5332384 ], [ 118.0966803, 24.5330758 ], [ 118.096447, 24.5327582 ] ] ] } },
{ "type": "Feature", "properties": { "osm_id": "128159904", "code": 6101, "fclass": "rail", "name": null, "layer": 0, "bridge": "F", "tunnel": "F" }, "geometry": { "type": "MultiLineString", "coordinates": [ [ [ 118.0903278, 24.5289373 ], [ 118.0897242, 24.529001 ], [ 118.0887975, 24.5290085 ] ] ] } },
{ "type": "Feature", "properties": { "osm_id": "128159905", "code": 6101, "fclass": "rail", "name": null, "layer": 0, "bridge": "F", "tunnel": "F" }, "geometry": { "type": "MultiLineString", "coordinates": [ [ [ 118.0868462, 24.5289851 ], [ 118.0873405, 24.5289254 ], [ 118.0883222, 24.5289206 ] ] ] } },
{ "type": "Feature", "properties": { "osm_id": "128159906", "code": 6101, "fclass": "rail", "name": null, "layer": 1, "bridge": "T", "tunnel": "F" }, "geometry": { "type": "MultiLineString", "coordinates": [ [ [ 118.0962776, 24.5325275 ], [ 118.096023, 24.5321866 ] ] ] } },
{ "type": "Feature", "properties": { "osm_id": "128827216", "code": 6101, "fclass": "rail", "name": null, "layer": 0, "bridge": "F", "tunnel": "F" }, "geometry": { "type": "MultiLineString", "coordinates": [ [ [ 118.0831907, 24.5050008 ], [ 118.0825341, 24.5044565 ], [ 118.0812431, 24.5034211 ], [ 118.0802746, 24.5026425 ], [ 118.0795697, 24.5020762 ], [ 118.0789796, 24.501607 ], [ 118.0784056, 24.5011452 ], [ 118.0774429, 24.5003699 ], [ 118.0772281, 24.5002052 ], [ 118.0770458, 24.5000654 ], [ 118.0765121, 24.4996384 ] ] ] } },
{ "type": "Feature", "properties": { "osm_id": "128827217", "code": 6101, "fclass": "rail", "name": null, "layer": 0, "bridge": "F", "tunnel": "F" }, "geometry": { "type": "MultiLineString", "coordinates": [ [ [ 118.0795697, 24.5020762 ], [ 118.0791674, 24.5018141 ] ] ] } },
{ "type": "Feature", "properties": { "osm_id": "128827218", "code": 6101, "fclass": "rail", "name": null, "layer": 0, "bridge": "F", "tunnel": "F" }, "geometry": { "type": "MultiLineString", "coordinates": [ [ [ 118.0775961, 24.50056 ], [ 118.0772281, 24.5002052 ] ] ] } },
{ "type": "Feature", "properties": { "osm_id": "128827219", "code": 6101, "fclass": "rail", "name": null, "layer": 0, "bridge": "F", "tunnel": "F" }, "geometry": { "type": "MultiLineString", "coordinates": [ [ [ 118.083205, 24.505061 ], [ 118.0827255, 24.5047351 ], [ 118.0824878, 24.5045537 ], [ 118.08166, 24.5038793 ], [ 118.0809732, 24.5033313 ], [ 118.079894, 24.5024647 ], [ 118.0792978, 24.5019845 ], [ 118.0791327, 24.5018489 ], [ 118.0788923, 24.5015965 ] ] ] } },
{ "type": "Feature", "properties": { "osm_id": "129196678", "code": 6101, "fclass": "rail", "name": null, "layer": 0, "bridge": "F", "tunnel": "F" }, "geometry": { "type": "MultiLineString", "coordinates": [ [ [ 118.1119484, 24.5337048 ], [ 118.1117215, 24.5341262 ], [ 118.1116238, 24.5343075 ], [ 118.1114438, 24.5347131 ], [ 118.1112991, 24.5350967 ], [ 118.1112309, 24.5353261 ], [ 118.1112061, 24.535578 ], [ 118.1112019, 24.5358394 ], [ 118.1112282, 24.5360174 ], [ 118.111235, 24.5360632 ], [ 118.1113239, 24.5364317 ], [ 118.1116815, 24.5378739 ] ] ] } },
{ "type": "Feature", "properties": { "osm_id": "129196681", "code": 6101, "fclass": "rail", "name": null, "layer": 0, "bridge": "F", "tunnel": "F" }, "geometry": { "type": "MultiLineString", "coordinates": [ [ [ 118.1017852, 24.5398922 ], [ 118.1014338, 24.5395867 ], [ 118.1012995, 24.5394433 ], [ 118.1007311, 24.5386912 ], [ 118.0999275, 24.5376594 ], [ 118.0991369, 24.5366182 ], [ 118.098212, 24.5354219 ], [ 118.0979123, 24.535027 ], [ 118.0977779, 24.5348508 ], [ 118.0976615, 24.5346143 ], [ 118.0975945, 24.5344206 ] ] ] } },
{ "type": "Feature", "properties": { "osm_id": "129196683", "code": 6101, "fclass": "rail", "name": null, "layer": 0, "bridge": "F", "tunnel": "F" }, "geometry": { "type": "MultiLineString", "coordinates": [ [ [ 118.0971578, 24.5337766 ], [ 118.0974265, 24.5341315 ], [ 118.0975945, 24.5344206 ], [ 118.0978606, 24.5348531 ], [ 118.0979484, 24.5349894 ], [ 118.0986667, 24.5359319 ], [ 118.0997338, 24.5373163 ], [ 118.1005993, 24.5384398 ], [ 118.1013589, 24.5394386 ], [ 118.1015062, 24.5395985 ], [ 118.1017852, 24.5398922 ], [ 118.1019712, 24.5400662 ], [ 118.102417, 24.5405173 ] ] ] } },
{ "type": "Feature", "properties": { "osm_id": "129196684", "code": 6101, "fclass": "rail", "name": null, "layer": 0, "bridge": "F", "tunnel": "F" }, "geometry": { "type": "MultiLineString", "coordinates": [ [ [ 118.0990947, 24.5360406 ], [ 118.0989819, 24.5357463 ], [ 118.0989328, 24.5355535 ], [ 118.0988476, 24.5353067 ], [ 118.0987537, 24.5351144 ], [ 118.0986331, 24.5349495 ], [ 118.0981448, 24.5343125 ], [ 118.0979381, 24.5341339 ], [ 118.0977521, 24.5339882 ], [ 118.0975428, 24.5338589 ], [ 118.0973154, 24.5336873 ], [ 118.097132, 24.5334946 ], [ 118.0968426, 24.5331256 ], [ 118.0966397, 24.5329284 ] ] ] } },
{ "type": "Feature", "properties": { "osm_id": "129196686", "code": 6101, "fclass": "rail", "name": null, "layer": 0, "bridge": "F", "tunnel": "F" }, "geometry": { "type": "MultiLineString", "coordinates": [ [ [ 118.1110586, 24.5404945 ], [ 118.1111853, 24.5402109 ], [ 118.111213, 24.5401427 ], [ 118.1112912, 24.53995 ], [ 118.1113816, 24.5396868 ], [ 118.1114307, 24.539393 ], [ 118.1114706, 24.5390396 ], [ 118.1114582, 24.5388648 ], [ 118.1113838, 24.5385225 ], [ 118.1110759, 24.5372364 ], [ 118.1110056, 24.53696 ], [ 118.1109601, 24.5367175 ], [ 118.1109643, 24.5365144 ], [ 118.110987, 24.5362399 ], [ 118.1110539, 24.5357435 ], [ 118.1111088, 24.535436 ], [ 118.1113573, 24.5347804 ] ] ] } },
{ "type": "Feature", "properties": { "osm_id": "129196687", "code": 6101, "fclass": "rail", "name": null, "layer": 0, "bridge": "F", "tunnel": "F" }, "geometry": { "type": "MultiLineString", "coordinates": [ [ [ 118.0974265, 24.5341315 ], [ 118.0972302, 24.5338048 ] ] ] } },
{ "type": "Feature", "properties": { "osm_id": "129196688", "code": 6101, "fclass": "rail", "name": null, "layer": 0, "bridge": "F", "tunnel": "F" }, "geometry": { "type": "MultiLineString", "coordinates": [ [ [ 118.097132, 24.5334946 ], [ 118.0974937, 24.5339271 ] ] ] } },
{ "type": "Feature", "properties": { "osm_id": "129196689", "code": 6101, "fclass": "rail", "name": null, "layer": 0, "bridge": "F", "tunnel": "F" }, "geometry": { "type": "MultiLineString", "coordinates": [ [ [ 118.097486, 24.5343713 ], [ 118.0977598, 24.5352151 ], [ 118.0978451, 24.5354478 ], [ 118.0979226, 24.5355982 ], [ 118.09815, 24.535892 ], [ 118.0988501, 24.5368039 ], [ 118.0997596, 24.5379908 ], [ 118.1008086, 24.5393658 ], [ 118.1009429, 24.5395068 ], [ 118.1010824, 24.5396525 ], [ 118.101346, 24.5398523 ], [ 118.1015682, 24.5399816 ], [ 118.1017826, 24.5401202 ], [ 118.1020441, 24.5403091 ], [ 118.1015062, 24.5397512 ], [ 118.1013279, 24.5395679 ], [ 118.1006768, 24.53871 ], [ 118.0999715, 24.5378005 ], [ 118.0991783, 24.5367663 ], [ 118.0982843, 24.5356052 ], [ 118.0978746, 24.5350916 ] ] ] } },
{ "type": "Feature", "properties": { "osm_id": "129196690", "code": 6101, "fclass": "rail", "name": null, "layer": 0, "bridge": "F", "tunnel": "F" }, "geometry": { "type": "MultiLineString", "coordinates": [ [ [ 118.1111853, 24.5375409 ], [ 118.1112809, 24.537823 ], [ 118.111671, 24.5388007 ] ] ] } },
{ "type": "Feature", "properties": { "osm_id": "129196693", "code": 6101, "fclass": "rail", "name": null, "layer": 0, "bridge": "F", "tunnel": "F" }, "geometry": { "type": "MultiLineString", "coordinates": [ [ [ 118.097703, 24.5344888 ], [ 118.0979355, 24.534879 ], [ 118.0990517, 24.5363456 ] ] ] } },
{ "type": "Feature", "properties": { "osm_id": "129196695", "code": 6101, "fclass": "rail", "name": null, "layer": 0, "bridge": "F", "tunnel": "F" }, "geometry": { "type": "MultiLineString", "coordinates": [ [ [ 118.0986977, 24.535295 ], [ 118.0984807, 24.5349988 ], [ 118.0978218, 24.5341551 ], [ 118.0976338, 24.5339406 ] ] ] } },
{ "type": "Feature", "properties": { "osm_id": "129196696", "code": 6101, "fclass": "rail", "name": null, "layer": 0, "bridge": "F", "tunnel": "F" }, "geometry": { "type": "MultiLineString", "coordinates": [ [ [ 118.1110759, 24.5372364 ], [ 118.1111853, 24.5375409 ], [ 118.1113274, 24.5377995 ], [ 118.1114178, 24.5379898 ], [ 118.1117098, 24.5387607 ] ] ] } },
{ "type": "Feature", "properties": { "osm_id": "129196697", "code": 6101, "fclass": "rail", "name": null, "layer": 0, "bridge": "F", "tunnel": "F" }, "geometry": { "type": "MultiLineString", "coordinates": [ [ [ 118.1017878, 24.5398194 ], [ 118.1014106, 24.5394151 ], [ 118.1008215, 24.5386536 ], [ 118.1001032, 24.5377065 ], [ 118.0993772, 24.5367616 ], [ 118.0990517, 24.5363456 ] ] ] } },
{ "type": "Feature", "properties": { "osm_id": "129196698", "code": 6101, "fclass": "rail", "name": null, "layer": 0, "bridge": "F", "tunnel": "F" }, "geometry": { "type": "MultiLineString", "coordinates": [ [ [ 118.0973154, 24.5336873 ], [ 118.0975841, 24.5339553 ], [ 118.0977831, 24.5341692 ], [ 118.098553, 24.5351563 ], [ 118.0986745, 24.5353255 ], [ 118.0987948, 24.5355087 ] ] ] } },
{ "type": "Feature", "properties": { "osm_id": "129196699", "code": 6101, "fclass": "rail", "name": null, "layer": 0, "bridge": "F", "tunnel": "F" }, "geometry": { "type": "MultiLineString", "coordinates": [ [ [ 118.1081908, 24.5452333 ], [ 118.1085293, 24.5447163 ], [ 118.10886, 24.5441546 ], [ 118.1092449, 24.5435576 ], [ 118.1098004, 24.542641 ], [ 118.1103926, 24.5416794 ] ] ] } },
{ "type": "Feature", "properties": { "osm_id": "129196700", "code": 6101, "fclass": "rail", "name": null, "layer": 0, "bridge": "F", "tunnel": "F" }, "geometry": { "type": "MultiLineString", "coordinates": [ [ [ 118.1075501, 24.5460771 ], [ 118.1086559, 24.5442956 ], [ 118.1094077, 24.5430993 ], [ 118.1099658, 24.5421569 ], [ 118.1103198, 24.5415693 ], [ 118.1105488, 24.5412671 ], [ 118.1107574, 24.5409919 ] ] ] } },
{ "type": "Feature", "properties": { "osm_id": "129196701", "code": 6101, "fclass": "rail", "name": null, "layer": 0, "bridge": "F", "tunnel": "F" }, "geometry": { "type": "MultiLineString", "coordinates": [ [ [ 118.1102164, 24.5420451 ], [ 118.1097413, 24.5429357 ], [ 118.1095592, 24.5433958 ], [ 118.1094426, 24.5436507 ], [ 118.1092985, 24.5439436 ], [ 118.1089332, 24.5445752 ], [ 118.1083193, 24.5455792 ], [ 118.1075855, 24.5467562 ] ] ] } },
{ "type": "Feature", "properties": { "osm_id": "129196703", "code": 6101, "fclass": "rail", "name": null, "layer": 0, "bridge": "F", "tunnel": "F" }, "geometry": { "type": "MultiLineString", "coordinates": [ [ [ 118.0978271, 24.5350671 ], [ 118.0979149, 24.5353255 ], [ 118.0982637, 24.5358074 ], [ 118.0998888, 24.5379368 ], [ 118.1010592, 24.5394762 ], [ 118.1011703, 24.5395961 ], [ 118.1012943, 24.539716 ], [ 118.1017583, 24.5400577 ] ] ] } },
{ "type": "Feature", "properties": { "osm_id": "129196704", "code": 6101, "fclass": "rail", "name": null, "layer": 0, "bridge": "F", "tunnel": "F" }, "geometry": { "type": "MultiLineString", "coordinates": [ [ [ 118.0968039, 24.5332384 ], [ 118.0972476, 24.5337052 ], [ 118.0974937, 24.5339271 ], [ 118.097734, 24.5341903 ], [ 118.0988673, 24.5356686 ], [ 118.0989251, 24.5357439 ], [ 118.0990947, 24.5360406 ], [ 118.0992072, 24.5362374 ] ] ] } },
{ "type": "Feature", "properties": { "osm_id": "129196705", "code": 6101, "fclass": "rail", "name": null, "layer": 0, "bridge": "F", "tunnel": "F" }, "geometry": { "type": "MultiLineString", "coordinates": [ [ [ 118.0976823, 24.5347826 ], [ 118.0978271, 24.5350671 ], [ 118.0979562, 24.5353208 ], [ 118.0989638, 24.5366464 ], [ 118.0999275, 24.5379062 ], [ 118.100899, 24.5391731 ], [ 118.1011031, 24.5394339 ], [ 118.1013881, 24.5396988 ] ] ] } },
{ "type": "Feature", "properties": { "osm_id": "129196706", "code": 6101, "fclass": "rail", "name": null, "layer": 0, "bridge": "F", "tunnel": "F" }, "geometry": { "type": "MultiLineString", "coordinates": [ [ [ 118.0975428, 24.5338589 ], [ 118.0976338, 24.5339406 ], [ 118.0977443, 24.5340399 ], [ 118.0978606, 24.5341433 ], [ 118.0984859, 24.5349471 ], [ 118.0985866, 24.5350835 ], [ 118.0986977, 24.535295 ], [ 118.0987948, 24.5355087 ], [ 118.0988673, 24.5356686 ] ] ] } },
{ "type": "Feature", "properties": { "osm_id": "129196707", "code": 6101, "fclass": "rail", "name": null, "layer": 0, "bridge": "F", "tunnel": "F" }, "geometry": { "type": "MultiLineString", "coordinates": [ [ [ 118.1021753, 24.5402 ], [ 118.1017878, 24.5398194 ], [ 118.1014106, 24.5393094 ], [ 118.1010514, 24.5388534 ], [ 118.0999766, 24.5374409 ], [ 118.0990129, 24.5361952 ], [ 118.0979614, 24.5348249 ], [ 118.097703, 24.5344888 ], [ 118.0974965, 24.5341352 ] ] ] } },
{ "type": "Feature", "properties": { "osm_id": "129196708", "code": 6101, "fclass": "rail", "name": null, "layer": 0, "bridge": "F", "tunnel": "F" }, "geometry": { "type": "MultiLineString", "coordinates": [ [ [ 118.1105488, 24.5412671 ], [ 118.1104309, 24.5414871 ], [ 118.1101906, 24.5418443 ], [ 118.109803, 24.5425188 ], [ 118.1093638, 24.5432286 ], [ 118.1088548, 24.5440582 ], [ 118.1082451, 24.5450571 ], [ 118.1080978, 24.5453038 ], [ 118.1073563, 24.546486 ] ] ] } },
{ "type": "Feature", "properties": { "osm_id": "177433012", "code": 6101, "fclass": "rail", "name": null, "layer": 0, "bridge": "F", "tunnel": "F" }, "geometry": { "type": "MultiLineString", "coordinates": [ [ [ 118.0959782, 24.5322085 ], [ 118.0953008, 24.5313725 ], [ 118.0946229, 24.5304573 ], [ 118.0944435, 24.5302385 ], [ 118.0941855, 24.5300077 ], [ 118.0938881, 24.529749 ], [ 118.0936563, 24.5295939 ], [ 118.0933457, 24.5294108 ], [ 118.0929914, 24.5292596 ], [ 118.0925759, 24.5291044 ], [ 118.0922348, 24.5290129 ], [ 118.0918411, 24.5289453 ], [ 118.0915262, 24.5289254 ], [ 118.0909653, 24.5289228 ], [ 118.090921, 24.5289226 ], [ 118.090822, 24.5289333 ], [ 118.0903278, 24.5289373 ], [ 118.0898031, 24.5289445 ], [ 118.0887873, 24.5289584 ] ] ] } },
{ "type": "Feature", "properties": { "osm_id": "177433014", "code": 6101, "fclass": "rail", "name": null, "layer": 1, "bridge": "T", "tunnel": "F" }, "geometry": { "type": "MultiLineString", "coordinates": [ [ [ 118.0962776, 24.5325275 ], [ 118.0961756, 24.5324309 ], [ 118.0959782, 24.5322085 ] ] ] } },
{ "type": "Feature", "properties": { "osm_id": "177433015", "code": 6101, "fclass": "rail", "name": null, "layer": 0, "bridge": "F", "tunnel": "F" }, "geometry": { "type": "MultiLineString", "coordinates": [ [ [ 118.096023, 24.5321866 ], [ 118.0955151, 24.5315356 ], [ 118.0947322, 24.530517 ], [ 118.093958, 24.5294825 ] ] ] } },
{ "type": "Feature", "properties": { "osm_id": "177433016", "code": 6101, "fclass": "rail", "name": "东渡港线", "layer": 0, "bridge": "F", "tunnel": "F" }, "geometry": { "type": "MultiLineString", "coordinates": [ [ [ 118.0960938, 24.5321432 ], [ 118.095016, 24.5303761 ], [ 118.0943713, 24.5294691 ], [ 118.0933442, 24.5281255 ], [ 118.0920098, 24.5263659 ], [ 118.0918111, 24.5260897 ], [ 118.0917024, 24.5258885 ], [ 118.0915675, 24.5255713 ], [ 118.0913763, 24.5249029 ], [ 118.0907691, 24.5225056 ], [ 118.090121, 24.5198647 ], [ 118.0900007, 24.5194193 ], [ 118.0896146, 24.5178778 ], [ 118.0889512, 24.5152927 ], [ 118.0887525, 24.5145186 ], [ 118.0886225, 24.5140067 ] ] ] } },
{ "type": "Feature", "properties": { "osm_id": "177498716", "code": 6101, "fclass": "rail", "name": "鹰厦线", "layer": 0, "bridge": "F", "tunnel": "F" }, "geometry": { "type": "MultiLineString", "coordinates": [ [ [ 118.1307451, 24.5147184 ], [ 118.1297637, 24.5155771 ], [ 118.1294096, 24.5158275 ], [ 118.1268845, 24.5174881 ], [ 118.126305, 24.517891 ], [ 118.1256648, 24.5184064 ], [ 118.1253595, 24.5187017 ], [ 118.1250192, 24.5191478 ], [ 118.1247653, 24.519545 ], [ 118.1225589, 24.5236386 ], [ 118.1220465, 24.5245896 ], [ 118.1214631, 24.5254461 ], [ 118.120687, 24.5262959 ], [ 118.1187075, 24.5286542 ], [ 118.118178, 24.5292162 ], [ 118.1172868, 24.5299164 ], [ 118.1164743, 24.5305079 ], [ 118.1127052, 24.5326674 ], [ 118.1121659, 24.5330801 ], [ 118.111526, 24.5338309 ], [ 118.1111444, 24.5345784 ], [ 118.1107803, 24.5357093 ], [ 118.1106425, 24.5361687 ], [ 118.1105015, 24.536639 ], [ 118.1103699, 24.5370782 ], [ 118.1098076, 24.5389003 ], [ 118.1088866, 24.5416982 ], [ 118.1086144, 24.5424363 ], [ 118.1083864, 24.5430804 ], [ 118.1080952, 24.5439152 ], [ 118.1080109, 24.5441539 ], [ 118.1070694, 24.5467231 ], [ 118.1066309, 24.5475904 ], [ 118.1063989, 24.5479368 ], [ 118.1058088, 24.548692 ], [ 118.1044905, 24.5499765 ], [ 118.1036173, 24.5507865 ], [ 118.1029679, 24.5513888 ] ] ] } },
{ "type": "Feature", "properties": { "osm_id": "177498718", "code": 6101, "fclass": "rail", "name": "鹰厦线", "layer": 1, "bridge": "F", "tunnel": "F" }, "geometry": { "type": "MultiLineString", "coordinates": [ [ [ 118.1317169, 24.4946214 ], [ 118.1323629, 24.5007658 ], [ 118.1324221, 24.5015912 ], [ 118.1321504, 24.5095918 ], [ 118.1321152, 24.5103547 ] ] ] } },
{ "type": "Feature", "properties": { "osm_id": "177861936", "code": 6101, "fclass": "rail", "name": null, "layer": 1, "bridge": "F", "tunnel": "F" }, "geometry": { "type": "MultiLineString", "coordinates": [ [ [ 118.0887975, 24.5290085 ], [ 118.0885682, 24.5290104 ], [ 118.0883427, 24.5290122 ] ] ] } },
{ "type": "Feature", "properties": { "osm_id": "177861938", "code": 6101, "fclass": "rail", "name": null, "layer": 1, "bridge": "F", "tunnel": "F" }, "geometry": { "type": "MultiLineString", "coordinates": [ [ [ 118.0887873, 24.5289584 ], [ 118.0885954, 24.5289612 ], [ 118.0885486, 24.5289607 ], [ 118.0884434, 24.5289596 ], [ 118.0883325, 24.5289647 ] ] ] } },
{ "type": "Feature", "properties": { "osm_id": "177861939", "code": 6101, "fclass": "rail", "name": null, "layer": 1, "bridge": "F", "tunnel": "F" }, "geometry": { "type": "MultiLineString", "coordinates": [ [ [ 118.0883222, 24.5289206 ], [ 118.0884208, 24.5289142 ], [ 118.0885312, 24.5289166 ], [ 118.088599, 24.5289181 ], [ 118.0887783, 24.5289184 ] ] ] } },
{ "type": "Feature", "properties": { "osm_id": "177861941", "code": 6101, "fclass": "rail", "name": null, "layer": 0, "bridge": "F", "tunnel": "F" }, "geometry": { "type": "MultiLineString", "coordinates": [ [ [ 118.0883427, 24.5290122 ], [ 118.0848212, 24.5290408 ] ] ] } },
{ "type": "Feature", "properties": { "osm_id": "177861942", "code": 6101, "fclass": "rail", "name": null, "layer": 0, "bridge": "F", "tunnel": "F" }, "geometry": { "type": "MultiLineString", "coordinates": [ [ [ 118.0887783, 24.5289184 ], [ 118.088985, 24.5289174 ], [ 118.0898031, 24.5289445 ] ] ] } },
{ "type": "Feature", "properties": { "osm_id": "177861943", "code": 6101, "fclass": "rail", "name": null, "layer": 0, "bridge": "F", "tunnel": "F" }, "geometry": { "type": "MultiLineString", "coordinates": [ [ [ 118.0883325, 24.5289647 ], [ 118.0868462, 24.5289851 ], [ 118.0848474, 24.528989 ] ] ] } },
{ "type": "Feature", "properties": { "osm_id": "179613799", "code": 6101, "fclass": "rail", "name": "东渡港线", "layer": 1, "bridge": "T", "tunnel": "F" }, "geometry": { "type": "MultiLineString", "coordinates": [ [ [ 118.0886225, 24.5140067 ], [ 118.0884261, 24.5132338 ] ] ] } },
{ "type": "Feature", "properties": { "osm_id": "179613800", "code": 6101, "fclass": "rail", "name": "东渡港线", "layer": 0, "bridge": "F", "tunnel": "F" }, "geometry": { "type": "MultiLineString", "coordinates": [ [ [ 118.0884261, 24.5132338 ], [ 118.0879803, 24.5114389 ], [ 118.0874893, 24.5095324 ], [ 118.0873694, 24.5092391 ], [ 118.0871107, 24.5087275 ], [ 118.0869196, 24.5084137 ], [ 118.0866759, 24.5080761 ], [ 118.0863948, 24.507735 ], [ 118.0859375, 24.5072848 ], [ 118.0845656, 24.5061456 ], [ 118.083205, 24.505061 ], [ 118.0822304, 24.5042663 ], [ 118.079689, 24.5022267 ], [ 118.0791674, 24.5018141 ], [ 118.0788923, 24.5015965 ], [ 118.0781972, 24.5010466 ], [ 118.0775961, 24.50056 ], [ 118.0770427, 24.500112 ], [ 118.0765667, 24.4997368 ], [ 118.0761356, 24.4994639 ], [ 118.0757683, 24.4992763 ], [ 118.0750989, 24.4990063 ] ] ] } },
{ "type": "Feature", "properties": { "osm_id": "203587852", "code": 6101, "fclass": "rail", "name": null, "layer": 1, "bridge": "T", "tunnel": "F" }, "geometry": { "type": "MultiLineString", "coordinates": [ [ [ 118.1157652, 24.4740583 ], [ 118.1154047, 24.4737959 ] ] ] } },
{ "type": "Feature", "properties": { "osm_id": "203587853", "code": 6101, "fclass": "rail", "name": "鹰厦线", "layer": 1, "bridge": "T", "tunnel": "F" }, "geometry": { "type": "MultiLineString", "coordinates": [ [ [ 118.1157437, 24.4741035 ], [ 118.1153788, 24.4738227 ] ] ] } },
{ "type": "Feature", "properties": { "osm_id": "203587854", "code": 6101, "fclass": "rail", "name": null, "layer": 0, "bridge": "F", "tunnel": "F" }, "geometry": { "type": "MultiLineString", "coordinates": [ [ [ 118.1154047, 24.4737959 ], [ 118.1149922, 24.4734705 ], [ 118.1149028, 24.4733961 ], [ 118.1143718, 24.4729229 ], [ 118.1143018, 24.4728582 ], [ 118.1139791, 24.472489 ], [ 118.1136307, 24.4720854 ], [ 118.1132645, 24.4717803 ], [ 118.1128151, 24.4714554 ], [ 118.1121881, 24.4709629 ], [ 118.1111639, 24.4702192 ] ] ] } },
{ "type": "Feature", "properties": { "osm_id": "242791176", "code": 6101, "fclass": "rail", "name": "东渡港线", "layer": 0, "bridge": "F", "tunnel": "F" }, "geometry": { "type": "MultiLineString", "coordinates": [ [ [ 118.1044543, 24.549946 ], [ 118.1048191, 24.5495312 ], [ 118.1051396, 24.5491604 ], [ 118.1055325, 24.5487286 ], [ 118.1058919, 24.5482943 ], [ 118.1061293, 24.5479661 ], [ 118.1062929, 24.5476172 ], [ 118.1064664, 24.5471218 ], [ 118.1065033, 24.54682 ], [ 118.1065033, 24.5465209 ], [ 118.1064734, 24.5463164 ], [ 118.1064419, 24.5461464 ], [ 118.1062729, 24.5456182 ], [ 118.106067, 24.5452968 ], [ 118.1044955, 24.5432449 ], [ 118.1031236, 24.5414446 ], [ 118.1030467, 24.5413437 ], [ 118.1027285, 24.5409261 ], [ 118.1025253, 24.5406595 ], [ 118.102417, 24.5405173 ], [ 118.1021753, 24.5402 ], [ 118.1011782, 24.5389111 ] ] ] } },
{ "type": "Feature", "properties": { "osm_id": "346692332", "code": 6101, "fclass": "rail", "name": "鹰厦线", "layer": 1, "bridge": "T", "tunnel": "F" }, "geometry": { "type": "MultiLineString", "coordinates": [ [ [ 118.1029679, 24.5513888 ], [ 118.1022317, 24.5520532 ], [ 118.1011807, 24.5528268 ], [ 118.1003217, 24.5533009 ], [ 118.0996874, 24.5535789 ], [ 118.0970036, 24.554719 ], [ 118.085515, 24.5596788 ], [ 118.0809459, 24.5616027 ], [ 118.0697631, 24.5663814 ], [ 118.0577926, 24.5714597 ] ] ] } },
{ "type": "Feature", "properties": { "osm_id": "365435845", "code": 6101, "fclass": "rail", "name": null, "layer": 0, "bridge": "F", "tunnel": "F" }, "geometry": { "type": "MultiLineString", "coordinates": [ [ [ 118.1087311, 24.5412553 ], [ 118.1080812, 24.5425346 ], [ 118.1077248, 24.5429287 ], [ 118.1074268, 24.5431327 ], [ 118.107098, 24.5433255 ], [ 118.1066955, 24.5434737 ], [ 118.1063821, 24.5435436 ], [ 118.1059028, 24.5435463 ], [ 118.1052944, 24.5434569 ], [ 118.1049042, 24.543292 ], [ 118.1043451, 24.5429209 ], [ 118.1041694, 24.5427368 ], [ 118.1038695, 24.5423311 ], [ 118.1034835, 24.5418401 ], [ 118.1031574, 24.5414002 ], [ 118.1028613, 24.5410131 ], [ 118.1020254, 24.5399204 ], [ 118.1010171, 24.538611 ], [ 118.0999075, 24.5371414 ], [ 118.0992072, 24.5362374 ], [ 118.0985207, 24.5353512 ], [ 118.0974149, 24.5339191 ], [ 118.0972476, 24.5337052 ], [ 118.0966397, 24.5329284 ], [ 118.0963862, 24.5325678 ], [ 118.0962856, 24.5324409 ] ] ] } },
{ "type": "Feature", "properties": { "osm_id": "456279578", "code": 6103, "fclass": "subway", "name": "厦门地铁一号线", "layer": -5, "bridge": "F", "tunnel": "T" }, "geometry": { "type": "MultiLineString", "coordinates": [ [ [ 118.0748926, 24.4512752 ], [ 118.0768838, 24.4526635 ], [ 118.0774193, 24.4529646 ], [ 118.0781605, 24.4533814 ], [ 118.0789598, 24.4537427 ], [ 118.0794909, 24.4539136 ], [ 118.0801527, 24.4540892 ], [ 118.0812022, 24.4543678 ], [ 118.0817708, 24.454861 ], [ 118.083702, 24.456863 ], [ 118.0852602, 24.4585568 ], [ 118.0854293, 24.4587406 ], [ 118.0863538, 24.4592354 ], [ 118.0875273, 24.4596152 ], [ 118.088241, 24.4598149 ], [ 118.0892897, 24.4599845 ], [ 118.0894823, 24.4600364 ], [ 118.0896789, 24.4601178 ], [ 118.0901413, 24.4605139 ], [ 118.0903836, 24.4607351 ], [ 118.0905446, 24.4608637 ], [ 118.0907888, 24.4610362 ], [ 118.0922314, 24.4616655 ], [ 118.094227, 24.4629399 ], [ 118.0952999, 24.4636967 ], [ 118.096008, 24.4642143 ], [ 118.097333, 24.4655913 ], [ 118.0979047, 24.4663196 ], [ 118.0987213, 24.4673599 ], [ 118.0987876, 24.4674963 ], [ 118.098839, 24.4676364 ], [ 118.0989508, 24.4680522 ], [ 118.0989609, 24.4683903 ], [ 118.0988565, 24.4691922 ], [ 118.0985743, 24.4701275 ], [ 118.0982878, 24.4710769 ], [ 118.0980786, 24.4719411 ], [ 118.0981354, 24.4726649 ], [ 118.098202, 24.4729908 ], [ 118.0983453, 24.4733846 ], [ 118.0985453, 24.473772 ], [ 118.0990228, 24.474314 ], [ 118.0992242, 24.4745157 ], [ 118.099468, 24.4747046 ], [ 118.1006536, 24.475227 ], [ 118.1025686, 24.4758593 ], [ 118.1063981, 24.4768983 ], [ 118.1100091, 24.4778781 ], [ 118.1127986, 24.4785836 ], [ 118.1147766, 24.4791556 ], [ 118.1151321, 24.4793561 ], [ 118.1153088, 24.4795005 ], [ 118.1154362, 24.4796364 ], [ 118.115576, 24.4798986 ], [ 118.1159046, 24.4811577 ], [ 118.1170848, 24.4851512 ], [ 118.1172832, 24.4855638 ], [ 118.1182059, 24.486567 ], [ 118.1187692, 24.4871199 ], [ 118.1196937, 24.4880281 ], [ 118.1230942, 24.4912519 ], [ 118.1233531, 24.4916325 ], [ 118.1234655, 24.4918208 ], [ 118.1235336, 24.4919835 ], [ 118.1235737, 24.4921463 ], [ 118.1235854, 24.4922942 ], [ 118.1235131, 24.4926921 ], [ 118.1232945, 24.4937466 ], [ 118.1230477, 24.4949375 ], [ 118.1228593, 24.4956916 ], [ 118.1215345, 24.5015262 ], [ 118.1206696, 24.5051609 ], [ 118.1204617, 24.5058126 ], [ 118.1202176, 24.5064154 ], [ 118.1195927, 24.5072861 ], [ 118.1179994, 24.5087162 ], [ 118.117471, 24.5091921 ], [ 118.1155951, 24.511228 ], [ 118.1145045, 24.5127784 ], [ 118.1138688, 24.513956 ], [ 118.113614, 24.5152323 ], [ 118.1135336, 24.5158546 ], [ 118.1134477, 24.5175531 ], [ 118.1129381, 24.5197751 ], [ 118.1125062, 24.5210184 ], [ 118.1118169, 24.5219994 ], [ 118.1104222, 24.5237454 ], [ 118.1101638, 24.5241188 ], [ 118.1100681, 24.5244921 ], [ 118.1100727, 24.5249083 ], [ 118.1101835, 24.525434 ], [ 118.1106394, 24.5265431 ], [ 118.1116077, 24.5284757 ], [ 118.1117529, 24.5287246 ], [ 118.1123239, 24.5297031 ], [ 118.1127181, 24.5304864 ], [ 118.1130481, 24.5313746 ], [ 118.1135268, 24.5339909 ], [ 118.1135215, 24.5353744 ], [ 118.1134625, 24.5362602 ], [ 118.11339, 24.5368018 ], [ 118.1133452, 24.5369728 ], [ 118.1132103, 24.5374875 ], [ 118.1124821, 24.53929 ], [ 118.1117794, 24.5406326 ], [ 118.1107816, 24.5423838 ], [ 118.108314, 24.5462704 ], [ 118.107752, 24.5469957 ], [ 118.1074144, 24.5473822 ] ] ] } },
{ "type": "Feature", "properties": { "osm_id": "521564651", "code": 6103, "fclass": "subway", "name": "厦门地铁一号线", "layer": 1, "bridge": "T", "tunnel": "F" }, "geometry": { "type": "MultiLineString", "coordinates": [ [ [ 118.1028279, 24.551742 ], [ 118.1019933, 24.5524705 ], [ 118.0932453, 24.5607889 ], [ 118.0902788, 24.5636004 ], [ 118.088998, 24.5648293 ], [ 118.0882537, 24.5657423 ], [ 118.0878594, 24.5661692 ], [ 118.0874169, 24.5666278 ], [ 118.0869609, 24.5670401 ], [ 118.0867007, 24.5672425 ], [ 118.0863413, 24.567484 ], [ 118.0857941, 24.5677255 ], [ 118.0851531, 24.5678841 ], [ 118.0788204, 24.5688848 ], [ 118.0672239, 24.570765 ] ] ] } },
{ "type": "Feature", "properties": { "osm_id": "524437503", "code": 6101, "fclass": "rail", "name": null, "layer": 0, "bridge": "F", "tunnel": "F" }, "geometry": { "type": "MultiLineString", "coordinates": [ [ [ 118.1135604, 24.4722994 ], [ 118.1133333, 24.4721052 ], [ 118.1090895, 24.4689021 ], [ 118.1089471, 24.468789 ], [ 118.1087202, 24.4686092 ], [ 118.1078929, 24.4681162 ], [ 118.1074718, 24.4678577 ], [ 118.1073068, 24.4677451 ], [ 118.1070963, 24.4675833 ] ] ] } },
{ "type": "Feature", "properties": { "osm_id": "524437504", "code": 6101, "fclass": "rail", "name": null, "layer": 0, "bridge": "F", "tunnel": "F" }, "geometry": { "type": "MultiLineString", "coordinates": [ [ [ 118.1139791, 24.472489 ], [ 118.1137454, 24.4722676 ], [ 118.1133633, 24.4719258 ], [ 118.1093764, 24.4689358 ], [ 118.1090334, 24.4686965 ], [ 118.1086734, 24.4684665 ], [ 118.1081933, 24.4682517 ], [ 118.1078929, 24.4681162 ] ] ] } },
{ "type": "Feature", "properties": { "osm_id": "524437505", "code": 6101, "fclass": "rail", "name": null, "layer": 0, "bridge": "F", "tunnel": "F" }, "geometry": { "type": "MultiLineString", "coordinates": [ [ [ 118.1077601, 24.4681485 ], [ 118.1079222, 24.4683001 ], [ 118.108145, 24.4685129 ], [ 118.1087777, 24.4689883 ], [ 118.1089463, 24.4691164 ], [ 118.1127819, 24.4719948 ], [ 118.1135751, 24.4724995 ], [ 118.1137566, 24.4726125 ], [ 118.1139365, 24.4727481 ], [ 118.1142178, 24.4729602 ], [ 118.1145017, 24.4731711 ] ] ] } },
{ "type": "Feature", "properties": { "osm_id": "555549674", "code": 6103, "fclass": "subway", "name": null, "layer": 0, "bridge": "F", "tunnel": "F" }, "geometry": { "type": "MultiLineString", "coordinates": [ [ [ 118.1070034, 24.5401362 ], [ 118.1070366, 24.5400683 ], [ 118.1071889, 24.5397608 ], [ 118.1075966, 24.5392924 ], [ 118.1079838, 24.5389216 ], [ 118.1083548, 24.5384843 ], [ 118.1088373, 24.5377948 ], [ 118.1095146, 24.5368355 ], [ 118.1100106, 24.5363582 ], [ 118.1105391, 24.5354123 ], [ 118.110679, 24.5351324 ], [ 118.1110942, 24.5341391 ], [ 118.1116012, 24.5332089 ], [ 118.1119849, 24.5325536 ], [ 118.1122345, 24.5319978 ] ] ] } },
{ "type": "Feature", "properties": { "osm_id": "555549677", "code": 6103, "fclass": "subway", "name": null, "layer": -1, "bridge": "F", "tunnel": "T" }, "geometry": { "type": "MultiLineString", "coordinates": [ [ [ 118.1122345, 24.5319978 ], [ 118.1123852, 24.5315922 ], [ 118.1124509, 24.5311415 ], [ 118.1123579, 24.5305681 ], [ 118.1120946, 24.5296236 ], [ 118.1117529, 24.5287246 ] ] ] } },
{ "type": "Feature", "properties": { "osm_id": "597868025", "code": 6101, "fclass": "rail", "name": null, "layer": 0, "bridge": "F", "tunnel": "F" }, "geometry": { "type": "MultiLineString", "coordinates": [ [ [ 118.1149453, 24.4733655 ], [ 118.1154047, 24.4737959 ] ] ] } },
{ "type": "Feature", "properties": { "osm_id": "597868026", "code": 6101, "fclass": "rail", "name": null, "layer": 0, "bridge": "F", "tunnel": "F" }, "geometry": { "type": "MultiLineString", "coordinates": [ [ [ 118.1139365, 24.4727481 ], [ 118.1142918, 24.4729783 ], [ 118.1145287, 24.4731318 ] ] ] } },
{ "type": "Feature", "properties": { "osm_id": "597868028", "code": 6101, "fclass": "rail", "name": null, "layer": 0, "bridge": "F", "tunnel": "F" }, "geometry": { "type": "MultiLineString", "coordinates": [ [ [ 118.1149082, 24.4735407 ], [ 118.1145017, 24.4731711 ] ] ] } },
{ "type": "Feature", "properties": { "osm_id": "597868030", "code": 6101, "fclass": "rail", "name": "鹰厦线", "layer": 0, "bridge": "F", "tunnel": "F" }, "geometry": { "type": "MultiLineString", "coordinates": [ [ [ 118.110998, 24.4704109 ], [ 118.1127259, 24.4717169 ], [ 118.1128971, 24.4718463 ], [ 118.1135604, 24.4722994 ], [ 118.1136018, 24.4723379 ], [ 118.1140204, 24.472729 ], [ 118.1142918, 24.4729783 ], [ 118.1145017, 24.4731711 ], [ 118.1153788, 24.4738227 ] ] ] } },
{ "type": "Feature", "properties": { "osm_id": "597868032", "code": 6101, "fclass": "rail", "name": null, "layer": 0, "bridge": "F", "tunnel": "F" }, "geometry": { "type": "MultiLineString", "coordinates": [ [ [ 118.1080164, 24.4680147 ], [ 118.1083234, 24.4680796 ], [ 118.1086868, 24.4681785 ], [ 118.109014, 24.4683054 ], [ 118.109243, 24.4684579 ], [ 118.1094037, 24.4685699 ], [ 118.11329, 24.4714635 ], [ 118.1136784, 24.4718062 ], [ 118.1139708, 24.4721626 ], [ 118.1141746, 24.472458 ], [ 118.1142361, 24.4725894 ] ] ] } },
{ "type": "Feature", "properties": { "osm_id": "597868034", "code": 6101, "fclass": "rail", "name": null, "layer": 0, "bridge": "F", "tunnel": "F" }, "geometry": { "type": "MultiLineString", "coordinates": [ [ [ 118.1077429, 24.4679217 ], [ 118.1080164, 24.4680147 ], [ 118.1080458, 24.4680247 ], [ 118.1085232, 24.4681809 ], [ 118.109014, 24.468364 ], [ 118.1092076, 24.4684954 ], [ 118.1093682, 24.4686092 ], [ 118.1132545, 24.4715028 ], [ 118.1137025, 24.4719112 ], [ 118.1140298, 24.4723189 ], [ 118.1142361, 24.4725894 ], [ 118.1144133, 24.4728218 ], [ 118.1147245, 24.4731806 ], [ 118.1149453, 24.4733655 ], [ 118.1150597, 24.4734614 ], [ 118.1154442, 24.4737472 ] ] ] } },
{ "type": "Feature", "properties": { "osm_id": "597868035", "code": 6101, "fclass": "rail", "name": null, "layer": 0, "bridge": "F", "tunnel": "F" }, "geometry": { "type": "MultiLineString", "coordinates": [ [ [ 118.1078325, 24.4681443 ], [ 118.1074718, 24.4678577 ] ] ] } },
{ "type": "Feature", "properties": { "osm_id": "597868036", "code": 6101, "fclass": "rail", "name": null, "layer": 0, "bridge": "F", "tunnel": "F" }, "geometry": { "type": "MultiLineString", "coordinates": [ [ [ 118.1072652, 24.4678562 ], [ 118.1069058, 24.4675852 ], [ 118.1066438, 24.4673245 ], [ 118.1064485, 24.4671568 ] ] ] } },
{ "type": "Feature", "properties": { "osm_id": "597868038", "code": 6101, "fclass": "rail", "name": null, "layer": 0, "bridge": "F", "tunnel": "F" }, "geometry": { "type": "MultiLineString", "coordinates": [ [ [ 118.1082751, 24.4681736 ], [ 118.108719, 24.4683787 ], [ 118.1089962, 24.4685343 ], [ 118.1091026, 24.4686058 ], [ 118.1092849, 24.4687351 ], [ 118.1131446, 24.4716243 ], [ 118.113606, 24.4719796 ], [ 118.1138527, 24.4722456 ], [ 118.1141371, 24.472624 ], [ 118.1143718, 24.4729229 ] ] ] } },
{ "type": "Feature", "properties": { "osm_id": "627497886", "code": 6101, "fclass": "rail", "name": "鹰厦线", "layer": 0, "bridge": "F", "tunnel": "F" }, "geometry": { "type": "MultiLineString", "coordinates": [ [ [ 118.1197174, 24.4796485 ], [ 118.1204453, 24.4807144 ], [ 118.1216069, 24.4823817 ], [ 118.122138, 24.4829265 ], [ 118.1247975, 24.4852648 ], [ 118.1290353, 24.4891412 ], [ 118.1301566, 24.4903334 ], [ 118.1307796, 24.4912856 ], [ 118.1310986, 24.4919665 ], [ 118.131326, 24.4926284 ], [ 118.1314692, 24.4932517 ], [ 118.1316635, 24.4946256 ] ] ] } },
{ "type": "Feature", "properties": { "osm_id": "627497888", "code": 6101, "fclass": "rail", "name": "鹰厦线", "layer": 1, "bridge": "F", "tunnel": "F" }, "geometry": { "type": "MultiLineString", "coordinates": [ [ [ 118.1316635, 24.4946256 ], [ 118.1323093, 24.500769 ], [ 118.1323684, 24.5015909 ], [ 118.1320968, 24.5095899 ], [ 118.1320615, 24.5103402 ] ] ] } },
{ "type": "Feature", "properties": { "osm_id": "627497892", "code": 6101, "fclass": "rail", "name": "鹰厦线", "layer": 0, "bridge": "F", "tunnel": "F" }, "geometry": { "type": "MultiLineString", "coordinates": [ [ [ 118.1307056, 24.514685 ], [ 118.1297438, 24.5155263 ], [ 118.129396, 24.5157786 ], [ 118.1268812, 24.5174645 ], [ 118.1262717, 24.5178526 ], [ 118.1256274, 24.5183713 ], [ 118.1253177, 24.5186709 ], [ 118.1249739, 24.5191216 ], [ 118.124718, 24.519522 ], [ 118.1225107, 24.5236171 ], [ 118.1219995, 24.524566 ], [ 118.1214195, 24.5254175 ], [ 118.120645, 24.5262655 ], [ 118.1186658, 24.5286235 ], [ 118.1181388, 24.5291829 ], [ 118.1172518, 24.5298793 ], [ 118.1164442, 24.5304674 ], [ 118.1126732, 24.532628 ], [ 118.1121255, 24.5330475 ], [ 118.1114798, 24.5338059 ], [ 118.1110941, 24.5345608 ], [ 118.110736, 24.5356898 ], [ 118.1105937, 24.53616 ], [ 118.110453, 24.5366249 ], [ 118.1103136, 24.5370855 ], [ 118.1097721, 24.538887 ], [ 118.108837, 24.5416909 ], [ 118.1085728, 24.542418 ], [ 118.1083368, 24.5430621 ], [ 118.1077413, 24.5447529 ], [ 118.1074798, 24.5454373 ], [ 118.1070265, 24.5466999 ], [ 118.1065732, 24.5475782 ], [ 118.1063493, 24.5479051 ], [ 118.1057847, 24.5486456 ], [ 118.1053475, 24.5490823 ], [ 118.1044543, 24.549946 ], [ 118.1041421, 24.5502344 ], [ 118.1029296, 24.5513546 ] ] ] } },
{ "type": "Feature", "properties": { "osm_id": "627497895", "code": 6101, "fclass": "rail", "name": "鹰厦线", "layer": 1, "bridge": "T", "tunnel": "F" }, "geometry": { "type": "MultiLineString", "coordinates": [ [ [ 118.1029296, 24.5513546 ], [ 118.1021959, 24.5520168 ], [ 118.1011498, 24.5527868 ], [ 118.1002961, 24.553258 ], [ 118.0996644, 24.5535348 ], [ 118.0969808, 24.5546749 ], [ 118.0854922, 24.5596346 ], [ 118.0809232, 24.5615585 ], [ 118.0697403, 24.5663372 ], [ 118.0577722, 24.5714145 ] ] ] } },
{ "type": "Feature", "properties": { "osm_id": "627497902", "code": 6103, "fclass": "subway", "name": "厦门地铁一号线", "layer": 1, "bridge": "T", "tunnel": "F" }, "geometry": { "type": "MultiLineString", "coordinates": [ [ [ 118.0672199, 24.5707284 ], [ 118.0788016, 24.5688452 ], [ 118.0851477, 24.567828 ], [ 118.0857426, 24.5676441 ], [ 118.0862501, 24.5673889 ], [ 118.0865854, 24.5671498 ], [ 118.0868322, 24.5669303 ], [ 118.0872963, 24.5665235 ], [ 118.0877897, 24.5660594 ], [ 118.0889685, 24.5648055 ], [ 118.0902359, 24.5635834 ], [ 118.0932198, 24.5607743 ], [ 118.101966, 24.5524474 ], [ 118.1027873, 24.5517026 ] ] ] } },
{ "type": "Feature", "properties": { "osm_id": "627497905", "code": 6103, "fclass": "subway", "name": "厦门地铁一号线", "layer": -5, "bridge": "F", "tunnel": "T" }, "geometry": { "type": "MultiLineString", "coordinates": [ [ [ 118.1073765, 24.5473525 ], [ 118.107689, 24.5469841 ], [ 118.1082585, 24.5462354 ], [ 118.1099231, 24.5435757 ], [ 118.1107055, 24.5423461 ], [ 118.1117018, 24.5405975 ], [ 118.1124022, 24.5392594 ], [ 118.112517, 24.5389752 ], [ 118.1131272, 24.5374647 ], [ 118.1133046, 24.5367879 ], [ 118.1133762, 24.536253 ], [ 118.1134349, 24.5353719 ], [ 118.1134402, 24.5339973 ], [ 118.1129638, 24.5313938 ], [ 118.1126375, 24.5305155 ], [ 118.1122462, 24.529738 ], [ 118.1116764, 24.5287615 ], [ 118.11153, 24.5285105 ], [ 118.1105593, 24.5265733 ], [ 118.1100986, 24.5254524 ], [ 118.1099935, 24.5249216 ], [ 118.1099804, 24.5244874 ], [ 118.1100828, 24.524088 ], [ 118.1103504, 24.5237012 ], [ 118.1117453, 24.521955 ], [ 118.1124271, 24.5209847 ], [ 118.1128542, 24.5197551 ], [ 118.1133615, 24.5175432 ], [ 118.1134472, 24.5158482 ], [ 118.1135283, 24.5152206 ], [ 118.1137857, 24.5139311 ], [ 118.1144289, 24.5127397 ], [ 118.1155252, 24.5111813 ], [ 118.1174072, 24.5091387 ], [ 118.1179385, 24.5086601 ], [ 118.1195253, 24.5072359 ], [ 118.1201397, 24.5063798 ], [ 118.1203794, 24.505788 ], [ 118.1205856, 24.5051416 ], [ 118.1214495, 24.501511 ], [ 118.122731, 24.4956553 ], [ 118.1228663, 24.4948992 ], [ 118.1231251, 24.4937231 ], [ 118.1233584, 24.4926629 ], [ 118.1234102, 24.492443 ], [ 118.1234373, 24.4922456 ], [ 118.1234261, 24.4920289 ], [ 118.1233765, 24.491893 ], [ 118.1232559, 24.4916759 ], [ 118.1231255, 24.4915126 ], [ 118.1187052, 24.487173 ], [ 118.1181409, 24.4866191 ], [ 118.1172088, 24.4856057 ], [ 118.1170029, 24.4851774 ], [ 118.1158206, 24.481177 ], [ 118.1155055, 24.4799621 ], [ 118.1153989, 24.4797678 ], [ 118.1152764, 24.4796094 ], [ 118.11518, 24.4794937 ], [ 118.1150959, 24.4794228 ], [ 118.1148661, 24.4792754 ], [ 118.1144891, 24.4791644 ], [ 118.112765, 24.478701 ], [ 118.1099851, 24.4779538 ], [ 118.1063734, 24.4769738 ], [ 118.1025414, 24.4759342 ], [ 118.1006199, 24.4752997 ], [ 118.0994178, 24.4747701 ], [ 118.0991727, 24.4745778 ], [ 118.0989587, 24.4743672 ], [ 118.0984697, 24.4738122 ], [ 118.0982581, 24.473424 ], [ 118.0981172, 24.47301 ], [ 118.0980515, 24.4727493 ], [ 118.097991, 24.4719367 ], [ 118.0982037, 24.471058 ], [ 118.0984908, 24.4701066 ], [ 118.0987698, 24.4691818 ], [ 118.0988947, 24.4684031 ], [ 118.0988806, 24.4680788 ], [ 118.0987979, 24.4677488 ], [ 118.0987306, 24.4675444 ], [ 118.098647, 24.4673695 ], [ 118.0978507, 24.4663733 ], [ 118.0972642, 24.4656395 ], [ 118.0959478, 24.4642714 ], [ 118.0952463, 24.4637586 ], [ 118.0941756, 24.4630034 ], [ 118.0933338, 24.4624658 ], [ 118.0921903, 24.4617355 ], [ 118.090913, 24.4611664 ], [ 118.090493, 24.4609124 ], [ 118.0896469, 24.4602254 ], [ 118.0894343, 24.4601413 ], [ 118.0892055, 24.4600795 ], [ 118.0884633, 24.4599046 ], [ 118.0870351, 24.4595443 ], [ 118.0861347, 24.4591878 ], [ 118.0853725, 24.4588017 ], [ 118.0851894, 24.4586026 ], [ 118.0848955, 24.4582831 ], [ 118.0845841, 24.4579446 ], [ 118.0836363, 24.4569143 ], [ 118.0817083, 24.4549157 ], [ 118.0811577, 24.4544381 ], [ 118.0794643, 24.4539887 ], [ 118.078926, 24.4538154 ], [ 118.0781184, 24.4534504 ], [ 118.0768345, 24.4527284 ], [ 118.0748515, 24.4513392 ] ] ] } },
{ "type": "Feature", "properties": { "osm_id": "651879218", "code": 6101, "fclass": "rail", "name": "鹰厦线", "layer": 1, "bridge": "T", "tunnel": "F" }, "geometry": { "type": "MultiLineString", "coordinates": [ [ [ 118.1157008, 24.4741425 ], [ 118.1153361, 24.4738533 ] ] ] } },
{ "type": "Feature", "properties": { "osm_id": "651879219", "code": 6101, "fclass": "rail", "name": "鹰厦线", "layer": 0, "bridge": "F", "tunnel": "F" }, "geometry": { "type": "MultiLineString", "coordinates": [ [ [ 118.1153361, 24.4738533 ], [ 118.1149082, 24.4735407 ], [ 118.1146561, 24.4733454 ], [ 118.114294, 24.4730732 ], [ 118.1135751, 24.4724995 ], [ 118.1127973, 24.4719417 ], [ 118.1089611, 24.4690594 ], [ 118.1088193, 24.468944 ], [ 118.1086998, 24.4688461 ], [ 118.1079754, 24.4683121 ], [ 118.1077601, 24.4681485 ], [ 118.1075938, 24.4680125 ], [ 118.1074977, 24.4679455 ], [ 118.1074396, 24.467905 ], [ 118.107229, 24.4677512 ], [ 118.1071217, 24.4676719 ], [ 118.1068106, 24.4674332 ], [ 118.1064485, 24.4671568 ], [ 118.1058732, 24.4667308 ], [ 118.1052509, 24.4662498 ], [ 118.1046917, 24.4658585 ], [ 118.1043376, 24.4656291 ] ] ] } },
{ "type": "Feature", "properties": { "osm_id": "651879221", "code": 6101, "fclass": "rail", "name": null, "layer": 0, "bridge": "F", "tunnel": "F" }, "geometry": { "type": "MultiLineString", "coordinates": [ [ [ 118.1158081, 24.4740152 ], [ 118.1161219, 24.474245 ], [ 118.1167772, 24.4746821 ] ] ] } },
{ "type": "Feature", "properties": { "osm_id": "651879223", "code": 6101, "fclass": "rail", "name": null, "layer": 1, "bridge": "T", "tunnel": "F" }, "geometry": { "type": "MultiLineString", "coordinates": [ [ [ 118.1154442, 24.4737472 ], [ 118.115572, 24.4738422 ], [ 118.1158081, 24.4740152 ] ] ] } },
{ "type": "Feature", "properties": { "osm_id": "651881161", "code": 6101, "fclass": "rail", "name": "鹰厦线", "layer": 0, "bridge": "F", "tunnel": "F" }, "geometry": { "type": "MultiLineString", "coordinates": [ [ [ 118.1193258, 24.4790626 ], [ 118.1184822, 24.4778189 ], [ 118.1175455, 24.4764225 ] ] ] } },
{ "type": "Feature", "properties": { "osm_id": "651881162", "code": 6101, "fclass": "rail", "name": "鹰厦线", "layer": 1, "bridge": "T", "tunnel": "F" }, "geometry": { "type": "MultiLineString", "coordinates": [ [ [ 118.1197174, 24.4796485 ], [ 118.1193258, 24.4790626 ] ] ] } },
{ "type": "Feature", "properties": { "osm_id": "652184807", "code": 6101, "fclass": "rail", "name": "鹰厦线", "layer": 1, "bridge": "T", "tunnel": "F" }, "geometry": { "type": "MultiLineString", "coordinates": [ [ [ 118.1175455, 24.4764225 ], [ 118.1173472, 24.4761355 ] ] ] } },
{ "type": "Feature", "properties": { "osm_id": "652184809", "code": 6101, "fclass": "rail", "name": "鹰厦线", "layer": 0, "bridge": "F", "tunnel": "F" }, "geometry": { "type": "MultiLineString", "coordinates": [ [ [ 118.1173472, 24.4761355 ], [ 118.1167024, 24.4752243 ], [ 118.1162024, 24.4745746 ], [ 118.1157008, 24.4741425 ] ] ] } },
{ "type": "Feature", "properties": { "osm_id": "652184811", "code": 6101, "fclass": "rail", "name": "鹰厦线", "layer": 1, "bridge": "T", "tunnel": "F" }, "geometry": { "type": "MultiLineString", "coordinates": [ [ [ 118.1176079, 24.4764219 ], [ 118.1174134, 24.4761229 ] ] ] } },
{ "type": "Feature", "properties": { "osm_id": "652184813", "code": 6101, "fclass": "rail", "name": "鹰厦线", "layer": 0, "bridge": "F", "tunnel": "F" }, "geometry": { "type": "MultiLineString", "coordinates": [ [ [ 118.1174134, 24.4761229 ], [ 118.116893, 24.475396 ], [ 118.11626, 24.4745514 ], [ 118.1157437, 24.4741035 ] ] ] } },
{ "type": "Feature", "properties": { "osm_id": "652184814", "code": 6101, "fclass": "rail", "name": null, "layer": 0, "bridge": "F", "tunnel": "F" }, "geometry": { "type": "MultiLineString", "coordinates": [ [ [ 118.1176655, 24.4764213 ], [ 118.1184581, 24.4775992 ], [ 118.1189771, 24.4783718 ], [ 118.1194156, 24.4790272 ] ] ] } },
{ "type": "Feature", "properties": { "osm_id": "652184815", "code": 6101, "fclass": "rail", "name": null, "layer": 1, "bridge": "T", "tunnel": "F" }, "geometry": { "type": "MultiLineString", "coordinates": [ [ [ 118.1174659, 24.476113 ], [ 118.1176655, 24.4764213 ] ] ] } },
{ "type": "Feature", "properties": { "osm_id": "687961015", "code": 6103, "fclass": "subway", "name": "厦门地铁2号线", "layer": -3, "bridge": "F", "tunnel": "T" }, "geometry": { "type": "MultiLineString", "coordinates": [ [ [ 118.1602628, 24.5367126 ], [ 118.1608165, 24.5363411 ], [ 118.1617204, 24.5354856 ], [ 118.162781, 24.5344819 ], [ 118.1628255, 24.5343726 ], [ 118.1632802, 24.5338006 ], [ 118.1640327, 24.5327409 ], [ 118.164876, 24.5312602 ], [ 118.1662719, 24.5290673 ], [ 118.1666184, 24.5283753 ], [ 118.1671316, 24.5277093 ], [ 118.1680674, 24.5266241 ], [ 118.169011, 24.5255299 ], [ 118.1697761, 24.5247389 ], [ 118.1704561, 24.5241546 ], [ 118.1710586, 24.5237121 ], [ 118.1771222, 24.5201579 ], [ 118.178221, 24.5194923 ], [ 118.1793299, 24.5188204 ], [ 118.1798497, 24.5184935 ], [ 118.1802525, 24.5182402 ], [ 118.1817661, 24.5173562 ], [ 118.1829189, 24.5165874 ], [ 118.1830974, 24.5164353 ], [ 118.1833538, 24.5161503 ], [ 118.184134, 24.5151027 ], [ 118.1846986, 24.5143586 ], [ 118.1852962, 24.5135711 ], [ 118.1855199, 24.513327 ], [ 118.1858877, 24.5130242 ], [ 118.1863545, 24.5127069 ], [ 118.1875524, 24.511989 ], [ 118.1878808, 24.5116872 ], [ 118.1879497, 24.5115589 ], [ 118.1880429, 24.5113936 ], [ 118.1888957, 24.5091465 ], [ 118.188964, 24.5088843 ], [ 118.189082, 24.5080963 ], [ 118.1891694, 24.5075124 ], [ 118.1892035, 24.5071639 ], [ 118.189218, 24.5069336 ], [ 118.1892081, 24.5066738 ], [ 118.1881893, 24.5028603 ], [ 118.1881037, 24.5020987 ], [ 118.1880135, 24.501297 ], [ 118.1879875, 24.5006236 ], [ 118.188213, 24.4974324 ], [ 118.1881568, 24.4969507 ], [ 118.187987, 24.4958869 ], [ 118.1878273, 24.4948869 ], [ 118.1877613, 24.4944736 ], [ 118.1875097, 24.4926509 ], [ 118.1879704, 24.4902119 ], [ 118.1879765, 24.4897094 ], [ 118.1878997, 24.4889583 ], [ 118.1877017, 24.4882086 ], [ 118.1875169, 24.4875091 ], [ 118.1870328, 24.4859621 ], [ 118.1865864, 24.484913 ], [ 118.1864673, 24.4847016 ], [ 118.1862579, 24.4844674 ], [ 118.1859776, 24.4841903 ], [ 118.185406, 24.4839118 ], [ 118.1846949, 24.4837115 ], [ 118.1827009, 24.4832204 ], [ 118.1820593, 24.4831824 ], [ 118.1817023, 24.483206 ], [ 118.1813453, 24.4832591 ], [ 118.1811446, 24.4833272 ], [ 118.1799619, 24.4837419 ], [ 118.1788899, 24.4841177 ], [ 118.1757487, 24.4850636 ], [ 118.1752082, 24.4852458 ], [ 118.1723718, 24.4862248 ], [ 118.1703487, 24.4868227 ], [ 118.1693338, 24.487155 ], [ 118.1683875, 24.4874649 ], [ 118.1671821, 24.4875985 ], [ 118.1632843, 24.4879214 ], [ 118.1598941, 24.4882594 ], [ 118.158921, 24.4883879 ], [ 118.1579717, 24.4885132 ], [ 118.1565721, 24.4886414 ], [ 118.1521792, 24.4887668 ], [ 118.1503988, 24.489091 ], [ 118.1493146, 24.489539 ], [ 118.1484157, 24.4900405 ], [ 118.1475947, 24.4904986 ], [ 118.1456842, 24.4914619 ], [ 118.142626, 24.4921976 ], [ 118.1412197, 24.4925083 ], [ 118.1400313, 24.4927708 ], [ 118.1394059, 24.4928932 ], [ 118.1349707, 24.4947567 ], [ 118.1345381, 24.4948948 ], [ 118.1334716, 24.4949657 ], [ 118.1323289, 24.4950416 ], [ 118.1317853, 24.4950207 ], [ 118.1282023, 24.4947011 ], [ 118.126645, 24.4941801 ], [ 118.124997, 24.4930047 ], [ 118.1245072, 24.4926181 ], [ 118.124189, 24.492495 ], [ 118.1233255, 24.4922471 ], [ 118.1224431, 24.4919937 ], [ 118.1161115, 24.4905752 ], [ 118.1099616, 24.4887592 ], [ 118.1078295, 24.4881637 ], [ 118.105814, 24.4876008 ], [ 118.104254, 24.487276 ], [ 118.1031551, 24.4869119 ], [ 118.1023432, 24.4867615 ], [ 118.1012554, 24.4864629 ], [ 118.1000562, 24.4861338 ], [ 118.0914836, 24.4837677 ], [ 118.0905987, 24.4835369 ], [ 118.0898372, 24.4833479 ], [ 118.0890726, 24.4831582 ], [ 118.0832319, 24.4813517 ], [ 118.0822557, 24.4811144 ], [ 118.0815056, 24.4809983 ], [ 118.0809588, 24.4809483 ], [ 118.0804215, 24.4809168 ], [ 118.0794551, 24.4808621 ], [ 118.0791282, 24.4808436 ], [ 118.0782578, 24.4807944 ], [ 118.0777031, 24.480763 ], [ 118.0766025, 24.4806848 ], [ 118.0757882, 24.4807048 ], [ 118.0753606, 24.4808249 ], [ 118.0752406, 24.4809111 ], [ 118.0750294, 24.4810603 ], [ 118.0747753, 24.4814384 ], [ 118.0741779, 24.4835311 ], [ 118.0740257, 24.4840645 ], [ 118.0736832, 24.4849711 ], [ 118.0731629, 24.4859963 ], [ 118.0728234, 24.4866047 ] ] ] } },
{ "type": "Feature", "properties": { "osm_id": "687961016", "code": 6103, "fclass": "subway", "name": "厦门地铁3号线", "layer": -1, "bridge": "F", "tunnel": "T" }, "geometry": { "type": "MultiLineString", "coordinates": [ [ [ 118.2705253, 24.5792559 ], [ 118.2698637, 24.5800933 ], [ 118.2688091, 24.5812241 ], [ 118.26855, 24.5814505 ], [ 118.2672068, 24.5827306 ], [ 118.2663176, 24.5835781 ], [ 118.2651776, 24.584222 ], [ 118.2649534, 24.5843326 ], [ 118.2646918, 24.5844262 ], [ 118.264234, 24.5845029 ], [ 118.2632781, 24.5844779 ], [ 118.2628506, 24.5844277 ], [ 118.2624042, 24.5843147 ], [ 118.2605696, 24.5837635 ], [ 118.2593063, 24.5834512 ], [ 118.257305, 24.58318 ], [ 118.2565544, 24.5830783 ], [ 118.2549626, 24.5825929 ], [ 118.2540724, 24.5822652 ], [ 118.2527623, 24.5818069 ], [ 118.2523941, 24.5817164 ], [ 118.2519771, 24.581648 ], [ 118.2509887, 24.5816 ], [ 118.2491453, 24.5815967 ], [ 118.2477506, 24.5815975 ], [ 118.245546, 24.5815569 ], [ 118.2451164, 24.5815554 ], [ 118.2407176, 24.5813773 ], [ 118.2395813, 24.5813815 ], [ 118.2375232, 24.5813891 ], [ 118.2353901, 24.5814574 ], [ 118.2336944, 24.5817143 ], [ 118.2330148, 24.5818079 ], [ 118.232482, 24.5818217 ], [ 118.2319991, 24.5817875 ], [ 118.2314267, 24.5816947 ], [ 118.2311405, 24.5816093 ], [ 118.2308007, 24.5814263 ], [ 118.2283127, 24.5797316 ], [ 118.2271223, 24.5788261 ], [ 118.2266072, 24.5784342 ], [ 118.2212734, 24.5738036 ], [ 118.2194875, 24.572349 ], [ 118.2191464, 24.5720261 ], [ 118.2160287, 24.569376 ], [ 118.215309, 24.5686792 ], [ 118.214858, 24.5681329 ], [ 118.2138053, 24.5665384 ], [ 118.2136503, 24.5663075 ], [ 118.2134599, 24.5660895 ], [ 118.2125983, 24.5649265 ], [ 118.2117154, 24.5641088 ], [ 118.2110951, 24.5636918 ], [ 118.2105308, 24.5633598 ], [ 118.2095518, 24.5629505 ], [ 118.2080793, 24.5623529 ], [ 118.2075308, 24.5620549 ], [ 118.2065613, 24.561466 ], [ 118.2051499, 24.5604844 ], [ 118.2038243, 24.5594833 ], [ 118.2029896, 24.558853 ], [ 118.2013952, 24.5576558 ], [ 118.2006169, 24.5571462 ], [ 118.1958605, 24.5547157 ], [ 118.1934711, 24.5536115 ], [ 118.1925392, 24.5532661 ], [ 118.1913228, 24.5528895 ], [ 118.1894272, 24.5524271 ], [ 118.1856742, 24.5516916 ], [ 118.1817899, 24.5509139 ], [ 118.1774243, 24.5500088 ], [ 118.1728042, 24.5484606 ], [ 118.1714948, 24.5477278 ], [ 118.1703852, 24.5467848 ], [ 118.1691859, 24.545396 ], [ 118.1682239, 24.544027 ], [ 118.167674, 24.5430818 ], [ 118.1631172, 24.5360631 ], [ 118.1624516, 24.5349999 ], [ 118.1616323, 24.5336868 ], [ 118.1580031, 24.5283022 ], [ 118.1573738, 24.5274452 ], [ 118.1570192, 24.5271691 ], [ 118.1560077, 24.5268948 ], [ 118.151309, 24.5256265 ], [ 118.1509766, 24.5255368 ], [ 118.1449089, 24.5240407 ], [ 118.1446736, 24.5239698 ], [ 118.1442239, 24.5237304 ], [ 118.1438739, 24.5234786 ], [ 118.1437653, 24.5233981 ], [ 118.1419534, 24.5220304 ], [ 118.1412843, 24.5215254 ], [ 118.1394057, 24.520649 ], [ 118.1383259, 24.5204891 ], [ 118.1355112, 24.5206509 ], [ 118.1346362, 24.520656 ], [ 118.1335992, 24.520599 ], [ 118.1300215, 24.5202863 ], [ 118.1283974, 24.5201174 ], [ 118.1279057, 24.5199714 ], [ 118.1275735, 24.5198337 ], [ 118.1252682, 24.5183315 ], [ 118.1248994, 24.5181613 ], [ 118.1248731, 24.5181516 ], [ 118.1241819, 24.517896 ], [ 118.1228159, 24.5175142 ], [ 118.1210187, 24.5168985 ], [ 118.1161337, 24.5155027 ], [ 118.1152775, 24.5152185 ], [ 118.1142351, 24.5145961 ], [ 118.1137178, 24.5142873 ], [ 118.1132466, 24.5141841 ], [ 118.1126636, 24.5141313 ], [ 118.1057829, 24.5142894 ], [ 118.104634, 24.5142889 ], [ 118.103072, 24.5142882 ], [ 118.1024922, 24.5141977 ], [ 118.1021474, 24.5140591 ], [ 118.1018407, 24.5139118 ], [ 118.1013699, 24.5135845 ], [ 118.1010225, 24.5132489 ], [ 118.1008861, 24.5130656 ], [ 118.1007688, 24.5128823 ], [ 118.1006596, 24.512635 ], [ 118.1005603, 24.5122882 ], [ 118.1004992, 24.5120109 ], [ 118.1004247, 24.5114433 ], [ 118.1004124, 24.5109912 ], [ 118.100448, 24.5093703 ], [ 118.1004957, 24.5088976 ], [ 118.1005496, 24.508201 ], [ 118.1007087, 24.5059946 ], [ 118.1007533, 24.5050608 ], [ 118.1007505, 24.5045247 ], [ 118.1006427, 24.5040841 ], [ 118.1003827, 24.5034759 ], [ 118.0987431, 24.4994834 ], [ 118.0979165, 24.4978772 ], [ 118.0977666, 24.4975211 ], [ 118.0976086, 24.4966827 ], [ 118.0973582, 24.4949969 ], [ 118.0974636, 24.4942907 ], [ 118.0978432, 24.4928039 ], [ 118.098457, 24.491538 ], [ 118.1001279, 24.4880921 ], [ 118.1004287, 24.487338 ], [ 118.1008833, 24.4866922 ], [ 118.1014617, 24.4857155 ], [ 118.1018993, 24.48487 ], [ 118.1040705, 24.4807118 ], [ 118.1054392, 24.4784906 ], [ 118.1059652, 24.4776709 ], [ 118.1076964, 24.4749726 ], [ 118.1090425, 24.4725646 ], [ 118.1092925, 24.4721554 ], [ 118.1093183, 24.4721132 ] ] ] } },
{ "type": "Feature", "properties": { "osm_id": "687961018", "code": 6103, "fclass": "subway", "name": "厦门地铁3号线", "layer": -2, "bridge": "F", "tunnel": "T" }, "geometry": { "type": "MultiLineString", "coordinates": [ [ [ 118.1093621, 24.4721333 ], [ 118.1090857, 24.4725855 ], [ 118.1077393, 24.4749939 ], [ 118.1060089, 24.477691 ], [ 118.1054817, 24.4785127 ], [ 118.1041134, 24.4807332 ], [ 118.1040329, 24.4808887 ], [ 118.1019765, 24.4848574 ], [ 118.1015453, 24.4857486 ], [ 118.100993, 24.4867752 ], [ 118.1005657, 24.4874229 ], [ 118.1002071, 24.48812 ], [ 118.0985112, 24.4915582 ], [ 118.0978901, 24.4928174 ], [ 118.0975269, 24.4943343 ], [ 118.0974078, 24.4949983 ], [ 118.0976627, 24.4967141 ], [ 118.0978237, 24.4974954 ], [ 118.0979625, 24.4978617 ], [ 118.098788, 24.4994655 ], [ 118.1005077, 24.503458 ], [ 118.1007132, 24.5039547 ], [ 118.1008424, 24.5045427 ], [ 118.1008554, 24.5049134 ], [ 118.1008013, 24.5060047 ], [ 118.1006702, 24.508223 ], [ 118.100595, 24.5093807 ], [ 118.1005624, 24.5098826 ], [ 118.1005405, 24.5113772 ], [ 118.1006403, 24.5121333 ], [ 118.1007306, 24.512481 ], [ 118.1008693, 24.5127729 ], [ 118.1011327, 24.513134 ], [ 118.101321, 24.5133283 ], [ 118.1015189, 24.5134966 ], [ 118.101969, 24.5137892 ], [ 118.1022464, 24.513919 ], [ 118.1025334, 24.5140315 ], [ 118.1029048, 24.5140801 ], [ 118.1046206, 24.5141124 ], [ 118.1058879, 24.5141363 ], [ 118.1126673, 24.5140868 ], [ 118.1132653, 24.5141378 ], [ 118.113734, 24.5142446 ], [ 118.1142701, 24.5145386 ], [ 118.1153132, 24.5151105 ], [ 118.1161529, 24.5154615 ], [ 118.1210835, 24.5167825 ], [ 118.1228391, 24.5174585 ], [ 118.1242304, 24.5178548 ], [ 118.124854, 24.5180864 ], [ 118.1252558, 24.5182681 ], [ 118.1275868, 24.519786 ], [ 118.1279033, 24.5199152 ], [ 118.1282862, 24.5200604 ], [ 118.1300001, 24.5202371 ], [ 118.1336094, 24.5204788 ], [ 118.134643, 24.520548 ], [ 118.1355114, 24.5206175 ], [ 118.1383291, 24.5204445 ], [ 118.1394212, 24.5206062 ], [ 118.141311, 24.5214878 ], [ 118.141988, 24.5219814 ], [ 118.1434213, 24.5230263 ], [ 118.1437794, 24.5233535 ], [ 118.1442131, 24.5236451 ], [ 118.1446225, 24.5238886 ], [ 118.1448872, 24.5239798 ], [ 118.1509903, 24.5254941 ], [ 118.1513271, 24.525585 ], [ 118.1560216, 24.5268521 ], [ 118.1570432, 24.5271292 ], [ 118.1574108, 24.5274153 ], [ 118.1580447, 24.5282788 ], [ 118.1616729, 24.5336648 ], [ 118.1624945, 24.5349675 ], [ 118.1631793, 24.5360532 ], [ 118.1677435, 24.5430227 ], [ 118.1682644, 24.543985 ], [ 118.1692065, 24.5453331 ], [ 118.1704195, 24.5467526 ], [ 118.1715058, 24.5476814 ], [ 118.172828, 24.5484212 ], [ 118.1774382, 24.549966 ], [ 118.1818006, 24.5508705 ], [ 118.1856847, 24.5516481 ], [ 118.1894386, 24.5523838 ], [ 118.1913592, 24.5528523 ], [ 118.1925649, 24.5532096 ], [ 118.1934538, 24.5535536 ], [ 118.1958854, 24.5546772 ], [ 118.2006626, 24.5570609 ], [ 118.2015046, 24.5576114 ], [ 118.2030332, 24.5587379 ], [ 118.203907, 24.5593962 ], [ 118.2052236, 24.560388 ], [ 118.2066321, 24.5613702 ], [ 118.207651, 24.5620497 ], [ 118.2081939, 24.5623294 ], [ 118.2091104, 24.5627111 ], [ 118.2105924, 24.5632896 ], [ 118.2111901, 24.5636276 ], [ 118.2118064, 24.5640505 ], [ 118.2126936, 24.5648812 ], [ 118.2135621, 24.5659667 ], [ 118.2137312, 24.5662251 ], [ 118.2139095, 24.5664584 ], [ 118.2150016, 24.5680953 ], [ 118.2153262, 24.5685076 ], [ 118.2160819, 24.5692983 ], [ 118.219191, 24.5719773 ], [ 118.221307, 24.5737713 ], [ 118.2266783, 24.5783666 ], [ 118.2271816, 24.5787601 ], [ 118.2283596, 24.5796811 ], [ 118.2308371, 24.5813774 ], [ 118.2312627, 24.5815698 ], [ 118.2317098, 24.5816939 ], [ 118.2325739, 24.5817685 ], [ 118.2333167, 24.5817039 ], [ 118.2342817, 24.5815496 ], [ 118.2355936, 24.5813796 ], [ 118.2375205, 24.5813446 ], [ 118.2395826, 24.5813262 ], [ 118.2407456, 24.5813159 ], [ 118.2455266, 24.5815161 ], [ 118.2477343, 24.5815501 ], [ 118.2491739, 24.5815236 ], [ 118.2510277, 24.5815482 ], [ 118.2519158, 24.5816011 ], [ 118.2526321, 24.5817164 ], [ 118.2550685, 24.5824356 ], [ 118.255891, 24.5826326 ], [ 118.2566892, 24.5827999 ], [ 118.2573584, 24.5829044 ], [ 118.2593247, 24.5832115 ], [ 118.2607412, 24.5836025 ], [ 118.2624417, 24.5841928 ], [ 118.2628561, 24.5843074 ], [ 118.2632715, 24.5843712 ], [ 118.2642874, 24.5843713 ], [ 118.2647792, 24.5842502 ], [ 118.2651776, 24.5840611 ], [ 118.2661942, 24.5835147 ], [ 118.2664763, 24.5832497 ], [ 118.2668877, 24.582876 ], [ 118.2671256, 24.5826568 ], [ 118.2687344, 24.5811749 ], [ 118.2693143, 24.5806112 ], [ 118.2698265, 24.5800643 ], [ 118.2704747, 24.5792261 ] ] ] } },
{ "type": "Feature", "properties": { "osm_id": "687961023", "code": 6103, "fclass": "subway", "name": "厦门地铁2号线", "layer": -4, "bridge": "F", "tunnel": "T" }, "geometry": { "type": "MultiLineString", "coordinates": [ [ [ 118.0717458, 24.4882732 ], [ 118.072069, 24.4876065 ], [ 118.0724358, 24.4868498 ], [ 118.0736847, 24.4847348 ], [ 118.0739774, 24.4839356 ], [ 118.074696, 24.4814279 ], [ 118.0748066, 24.481246 ], [ 118.0750096, 24.4809732 ], [ 118.0752457, 24.480794 ], [ 118.0756444, 24.4806813 ], [ 118.0759148, 24.480643 ], [ 118.0771882, 24.4806049 ], [ 118.0777118, 24.4806052 ], [ 118.0782533, 24.4806365 ], [ 118.079135, 24.4806875 ], [ 118.0804353, 24.4807627 ], [ 118.0809765, 24.4808332 ], [ 118.081515, 24.4809134 ], [ 118.0821749, 24.4810317 ], [ 118.0832471, 24.4813057 ], [ 118.0891175, 24.4830088 ], [ 118.0898793, 24.4831972 ], [ 118.09064, 24.4833854 ], [ 118.1001106, 24.4859621 ], [ 118.1013098, 24.4862877 ], [ 118.1024054, 24.4865852 ], [ 118.1043028, 24.487115 ], [ 118.1058693, 24.4874764 ], [ 118.1078701, 24.4880403 ], [ 118.1099943, 24.4886389 ], [ 118.1139787, 24.4898073 ], [ 118.1178813, 24.4908874 ], [ 118.122476, 24.4918894 ], [ 118.1233584, 24.4921357 ], [ 118.1242214, 24.4923765 ], [ 118.1245565, 24.4925213 ], [ 118.1248307, 24.4927427 ], [ 118.1251692, 24.4930178 ], [ 118.1266648, 24.4941349 ], [ 118.1282185, 24.494654 ], [ 118.1317849, 24.4949725 ], [ 118.1323182, 24.4949289 ], [ 118.1334649, 24.4948479 ], [ 118.1345226, 24.4947726 ], [ 118.1349568, 24.4947096 ], [ 118.13929, 24.4927677 ], [ 118.1399847, 24.4926202 ], [ 118.1411874, 24.4923445 ], [ 118.1425844, 24.4920242 ], [ 118.1456663, 24.4914165 ], [ 118.14749, 24.490329 ], [ 118.1483108, 24.4898696 ], [ 118.1491854, 24.48938 ], [ 118.150078, 24.4890479 ], [ 118.1521733, 24.4887189 ], [ 118.1566033, 24.4885672 ], [ 118.157954, 24.4883417 ], [ 118.1588951, 24.4882163 ], [ 118.1598643, 24.4880872 ], [ 118.1648221, 24.4875948 ], [ 118.1671057, 24.4873846 ], [ 118.1683442, 24.4873303 ], [ 118.1692837, 24.487018 ], [ 118.1702847, 24.4866852 ], [ 118.1722988, 24.4860672 ], [ 118.1751537, 24.4850989 ], [ 118.176191, 24.4847373 ], [ 118.1788301, 24.4839755 ], [ 118.1798995, 24.4835955 ], [ 118.18107, 24.4831796 ], [ 118.1814253, 24.4830915 ], [ 118.1820168, 24.4830558 ], [ 118.1827058, 24.4831311 ], [ 118.184706, 24.4836231 ], [ 118.1856656, 24.4839102 ], [ 118.1859907, 24.4840574 ], [ 118.1862608, 24.4842604 ], [ 118.1865137, 24.484547 ], [ 118.186788, 24.4849703 ], [ 118.1871592, 24.4859638 ], [ 118.1876804, 24.4874763 ], [ 118.1878603, 24.4881717 ], [ 118.1880545, 24.4889226 ], [ 118.1881228, 24.4897377 ], [ 118.1880896, 24.4902745 ], [ 118.1876733, 24.4927025 ], [ 118.1879333, 24.4944492 ], [ 118.1879998, 24.4948715 ], [ 118.188156, 24.4958637 ], [ 118.188327, 24.4969493 ], [ 118.1883202, 24.4973981 ], [ 118.1881101, 24.5005971 ], [ 118.1882033, 24.5012686 ], [ 118.1882998, 24.5020803 ], [ 118.1883889, 24.50283 ], [ 118.1892883, 24.506648 ], [ 118.1893418, 24.5070523 ], [ 118.1893335, 24.5073275 ], [ 118.1893057, 24.5075738 ], [ 118.1892373, 24.5081121 ], [ 118.1891445, 24.5089019 ], [ 118.1890787, 24.5091851 ], [ 118.1885658, 24.5106562 ], [ 118.188184, 24.5114909 ], [ 118.1879957, 24.511778 ], [ 118.1878098, 24.5119577 ], [ 118.187624, 24.5120967 ], [ 118.186429, 24.512794 ], [ 118.1860988, 24.5130512 ], [ 118.1858797, 24.5132212 ], [ 118.1857094, 24.5133913 ], [ 118.1854664, 24.513687 ], [ 118.1848649, 24.5144662 ], [ 118.1843037, 24.5151933 ], [ 118.1832753, 24.5163607 ], [ 118.1831067, 24.5165216 ], [ 118.1828267, 24.5167245 ], [ 118.1817783, 24.5174072 ], [ 118.1803587, 24.5183989 ], [ 118.1794295, 24.5189422 ], [ 118.1783305, 24.519612 ], [ 118.1772223, 24.5202873 ], [ 118.1724469, 24.5230431 ], [ 118.1711562, 24.5237879 ], [ 118.1705243, 24.5242678 ], [ 118.1698411, 24.5248697 ], [ 118.1691376, 24.5256429 ], [ 118.1682124, 24.5267211 ], [ 118.1672783, 24.5278096 ], [ 118.1667038, 24.528483 ], [ 118.1662323, 24.5294836 ], [ 118.1641408, 24.5328178 ], [ 118.1637415, 24.5334581 ], [ 118.1629427, 24.5344659 ], [ 118.1628083, 24.5345081 ], [ 118.161748, 24.5355125 ], [ 118.1608466, 24.5363664 ], [ 118.1602939, 24.5367747 ] ] ] } },
{ "type": "Feature", "properties": { "osm_id": "758598243", "code": 6103, "fclass": "subway", "name": null, "layer": -1, "bridge": "F", "tunnel": "T" }, "geometry": { "type": "MultiLineString", "coordinates": [ [ [ 118.1855672, 24.5095221 ], [ 118.1849514, 24.5106492 ], [ 118.184732, 24.511216 ] ] ] } },
{ "type": "Feature", "properties": { "osm_id": "758598244", "code": 6103, "fclass": "subway", "name": null, "layer": -1, "bridge": "F", "tunnel": "T" }, "geometry": { "type": "MultiLineString", "coordinates": [ [ [ 118.1817661, 24.5173562 ], [ 118.1820351, 24.5171186 ], [ 118.1828814, 24.5165606 ], [ 118.1831222, 24.5163209 ], [ 118.1834522, 24.5159187 ], [ 118.1837997, 24.5152787 ], [ 118.184052, 24.5147494 ], [ 118.1842547, 24.5141655 ], [ 118.1843538, 24.5137578 ], [ 118.184665, 24.5112123 ] ] ] } },
{ "type": "Feature", "properties": { "osm_id": "758598245", "code": 6103, "fclass": "subway", "name": null, "layer": -2, "bridge": "F", "tunnel": "T" }, "geometry": { "type": "MultiLineString", "coordinates": [ [ [ 118.184732, 24.511216 ], [ 118.1846753, 24.5115187 ], [ 118.1845762, 24.5124654 ], [ 118.1844347, 24.5137471 ], [ 118.1843356, 24.5141206 ], [ 118.1841728, 24.5146616 ], [ 118.1839179, 24.5152155 ], [ 118.1836631, 24.5157082 ], [ 118.1834649, 24.516188 ], [ 118.1833623, 24.5164134 ], [ 118.183288, 24.5165293 ], [ 118.1829836, 24.516774 ], [ 118.1827358, 24.5169382 ], [ 118.1824386, 24.5170703 ], [ 118.1820988, 24.5172409 ], [ 118.1817783, 24.5174072 ] ] ] } },
{ "type": "Feature", "properties": { "osm_id": "758598246", "code": 6103, "fclass": "subway", "name": null, "layer": -1, "bridge": "F", "tunnel": "T" }, "geometry": { "type": "MultiLineString", "coordinates": [ [ [ 118.184665, 24.5112123 ], [ 118.1848899, 24.510618 ], [ 118.1854877, 24.5095079 ] ] ] } },
{ "type": "Feature", "properties": { "osm_id": "758598265", "code": 6103, "fclass": "subway", "name": "厦门地铁2号线", "layer": -3, "bridge": "F", "tunnel": "T" }, "geometry": { "type": "MultiLineString", "coordinates": [ [ [ 118.0719642, 24.4883417 ], [ 118.0717408, 24.488737 ], [ 118.0715712, 24.4889657 ], [ 118.0712704, 24.4892918 ], [ 118.0708761, 24.489618 ], [ 118.0696019, 24.4904234 ], [ 118.0691278, 24.4907346 ], [ 118.0684712, 24.491036 ], [ 118.0680322, 24.4911692 ], [ 118.0675444, 24.491258 ], [ 118.0633665, 24.4915594 ], [ 118.0598503, 24.4918911 ], [ 118.0561171, 24.4918323 ], [ 118.0537622, 24.491764 ], [ 118.0520777, 24.4915687 ], [ 118.0510907, 24.4913539 ], [ 118.0499717, 24.4910196 ], [ 118.0490868, 24.4906966 ], [ 118.0485158, 24.4904117 ], [ 118.0478774, 24.4899529 ], [ 118.045486, 24.4875661 ], [ 118.044924, 24.4870074 ], [ 118.0442579, 24.4863451 ], [ 118.0430598, 24.4851558 ], [ 118.04143, 24.4835281 ], [ 118.0410424, 24.4832986 ], [ 118.0395572, 24.4818553 ], [ 118.0390549, 24.4814813 ], [ 118.0385752, 24.4813502 ], [ 118.0380006, 24.4813504 ], [ 118.037426, 24.4814971 ], [ 118.0368026, 24.4818196 ], [ 118.0360207, 24.4824018 ], [ 118.0347893, 24.4834407 ], [ 118.0322434, 24.4855885 ], [ 118.0312894, 24.4865089 ], [ 118.0310053, 24.4868384 ], [ 118.030639, 24.4873841 ], [ 118.0299303, 24.4885345 ], [ 118.029582, 24.4890031 ], [ 118.0291273, 24.4895377 ], [ 118.0282686, 24.4902555 ], [ 118.0272902, 24.491171 ], [ 118.0262455, 24.4918926 ], [ 118.0259368, 24.4921575 ], [ 118.0257466, 24.4924759 ], [ 118.0256548, 24.4927244 ], [ 118.0256369, 24.4929282 ], [ 118.0256206, 24.4933805 ], [ 118.0254143, 24.4955288 ], [ 118.0250679, 24.4968608 ], [ 118.0247732, 24.4975642 ], [ 118.0238928, 24.4990671 ], [ 118.0162378, 24.519654 ], [ 118.0118968, 24.5266717 ], [ 118.0116953, 24.5269232 ], [ 118.0114205, 24.5272041 ], [ 118.0103897, 24.5281605 ], [ 118.0096811, 24.5288972 ], [ 118.0089894, 24.5296163 ], [ 118.0078802, 24.5316987 ], [ 118.0071574, 24.5329641 ], [ 118.0069978, 24.5331843 ], [ 118.0068253, 24.5333512 ], [ 118.0066528, 24.5334595 ], [ 118.0062785, 24.5335661 ], [ 118.0055234, 24.5336533 ], [ 118.0048597, 24.5336539 ], [ 118.0036864, 24.5336789 ], [ 118.0018601, 24.5337534 ], [ 118.0000071, 24.5338393 ], [ 117.9970177, 24.5338824 ], [ 117.9960784, 24.5339329 ], [ 117.9951042, 24.5340592 ], [ 117.9929662, 24.5350155 ], [ 117.9919565, 24.5356311 ], [ 117.9916447, 24.5358409 ], [ 117.9913436, 24.5360556 ], [ 117.9909219, 24.5364401 ], [ 117.9905961, 24.5369561 ], [ 117.9905413, 24.5372706 ], [ 117.9905359, 24.5375514 ], [ 117.9906061, 24.5387502 ], [ 117.9906565, 24.5402247 ], [ 117.9906912, 24.5412174 ], [ 117.9906461, 24.5432381 ], [ 117.9905424, 24.544244 ], [ 117.9903298, 24.5454269 ], [ 117.9901962, 24.5459748 ], [ 117.989965, 24.5465966 ], [ 117.9896824, 24.5471962 ], [ 117.9893519, 24.5476853 ], [ 117.988956, 24.5480475 ], [ 117.9887234, 24.5482137 ], [ 117.988685, 24.5482308 ], [ 117.9883434, 24.5483835 ], [ 117.988016, 24.5484808 ], [ 117.987616, 24.5485587 ], [ 117.9841905, 24.5488539 ], [ 117.9819018, 24.5490408 ], [ 117.967769, 24.5501565 ], [ 117.967056, 24.5501971 ], [ 117.9662777, 24.5501527 ], [ 117.9650805, 24.5499939 ], [ 117.9641886, 24.549877 ], [ 117.9619831, 24.5497639 ], [ 117.9606128, 24.5498733 ], [ 117.9598191, 24.5499846 ], [ 117.9591811, 24.550186 ], [ 117.9587262, 24.5505502 ], [ 117.9580992, 24.5513512 ], [ 117.9576157, 24.5520994 ], [ 117.9574665, 24.5523303 ], [ 117.9558751, 24.5547929 ], [ 117.9550046, 24.5560545 ], [ 117.9519799, 24.5596375 ], [ 117.9491986, 24.5624965 ], [ 117.9478078, 24.5636855 ], [ 117.9467466, 24.5646381 ], [ 117.94523, 24.5662489 ], [ 117.9435569, 24.5681023 ], [ 117.9429606, 24.5693323 ], [ 117.9425741, 24.570158 ], [ 117.9419175, 24.5716293 ], [ 117.9382672, 24.5754495 ], [ 117.93483, 24.5782056 ], [ 117.9332273, 24.580433 ], [ 117.9323379, 24.5817126 ], [ 117.9313862, 24.5831235 ] ] ] } },
{ "type": "Feature", "properties": { "osm_id": "758598266", "code": 6103, "fclass": "subway", "name": "厦门地铁2号线", "layer": -3, "bridge": "F", "tunnel": "T" }, "geometry": { "type": "MultiLineString", "coordinates": [ [ [ 117.931265, 24.5830608 ], [ 117.9322344, 24.5816485 ], [ 117.9331099, 24.5803701 ], [ 117.9347895, 24.578174 ], [ 117.9382297, 24.5754156 ], [ 117.9418728, 24.5716029 ], [ 117.942504, 24.5701368 ], [ 117.942916, 24.5693116 ], [ 117.94349, 24.5680781 ], [ 117.9451813, 24.5661854 ], [ 117.9466762, 24.56459 ], [ 117.9477646, 24.5635715 ], [ 117.9489472, 24.5623979 ], [ 117.9513095, 24.5598393 ], [ 117.9519378, 24.5592056 ], [ 117.9540621, 24.5566865 ], [ 117.9554173, 24.5548754 ], [ 117.9571695, 24.5521368 ], [ 117.9577796, 24.5511832 ], [ 117.9581216, 24.5507818 ], [ 117.9584228, 24.5504489 ], [ 117.9589081, 24.5501418 ], [ 117.9593948, 24.5499068 ], [ 117.9599665, 24.5497492 ], [ 117.9609655, 24.5496853 ], [ 117.9622972, 24.5496214 ], [ 117.9642021, 24.5497596 ], [ 117.9652724, 24.5498971 ], [ 117.9663137, 24.5500375 ], [ 117.967041, 24.5500674 ], [ 117.9677494, 24.5500439 ], [ 117.9819081, 24.5489649 ], [ 117.9841644, 24.548798 ], [ 117.9877325, 24.5484494 ], [ 117.9882579, 24.5483096 ], [ 117.9886687, 24.5481051 ], [ 117.9888917, 24.5479434 ], [ 117.9892474, 24.5476102 ], [ 117.989578, 24.5471614 ], [ 117.9898179, 24.5466056 ], [ 117.9900401, 24.5460073 ], [ 117.9901647, 24.5454534 ], [ 117.9903419, 24.5442653 ], [ 117.990389, 24.5431659 ], [ 117.9903751, 24.5412179 ], [ 117.990343, 24.5402334 ], [ 117.9902722, 24.5376933 ], [ 117.9902931, 24.5373937 ], [ 117.9904964, 24.5368402 ], [ 117.990785, 24.5363824 ], [ 117.9910382, 24.5361518 ], [ 117.991207, 24.5360141 ], [ 117.991643, 24.535713 ], [ 117.9921756, 24.5353925 ], [ 117.9929388, 24.5349743 ], [ 117.9943334, 24.5342737 ], [ 117.9950594, 24.5339423 ], [ 117.9960658, 24.5337673 ], [ 117.997032, 24.5336831 ], [ 118.0000058, 24.5335801 ], [ 118.0017455, 24.5335192 ], [ 118.0056189, 24.5335246 ], [ 118.0063448, 24.5334524 ], [ 118.0066042, 24.533354 ], [ 118.0068099, 24.5332312 ], [ 118.0070123, 24.5329807 ], [ 118.0071176, 24.532845 ], [ 118.0077719, 24.5316237 ], [ 118.0088633, 24.5295407 ], [ 118.0095584, 24.5287995 ], [ 118.0102601, 24.528051 ], [ 118.0113469, 24.5271185 ], [ 118.0116245, 24.5268286 ], [ 118.0118283, 24.5265976 ], [ 118.016163, 24.5196375 ], [ 118.0238346, 24.4989948 ], [ 118.0246355, 24.4975303 ], [ 118.024906, 24.4968259 ], [ 118.0251355, 24.4962285 ], [ 118.0252946, 24.4955442 ], [ 118.0254514, 24.4940476 ], [ 118.0255081, 24.4929211 ], [ 118.0255606, 24.4926397 ], [ 118.025655, 24.4923866 ], [ 118.026097, 24.4917812 ], [ 118.0273608, 24.4908367 ], [ 118.0281628, 24.4901558 ], [ 118.02902, 24.4894281 ], [ 118.029563, 24.4888431 ], [ 118.0298222, 24.4884604 ], [ 118.0305186, 24.4873401 ], [ 118.0309267, 24.4867434 ], [ 118.0312357, 24.4863973 ], [ 118.0317359, 24.4858835 ], [ 118.0346776, 24.4833378 ], [ 118.0359208, 24.4822737 ], [ 118.036884, 24.4815921 ], [ 118.0378613, 24.4812186 ], [ 118.0384955, 24.4811799 ], [ 118.0389037, 24.481224 ], [ 118.0395695, 24.4815122 ], [ 118.0402822, 24.482175 ], [ 118.0415201, 24.4834559 ], [ 118.0443774, 24.4862539 ], [ 118.0450295, 24.4869133 ], [ 118.04559, 24.4874801 ], [ 118.0478959, 24.4898995 ], [ 118.0484852, 24.490344 ], [ 118.0495957, 24.4907936 ], [ 118.0507431, 24.4911646 ], [ 118.052087, 24.4914964 ], [ 118.0537354, 24.4916758 ], [ 118.0597187, 24.4918244 ], [ 118.063354, 24.4915043 ], [ 118.0675261, 24.4911907 ], [ 118.0680241, 24.4910851 ], [ 118.0684653, 24.490935 ], [ 118.0690405, 24.4906296 ], [ 118.0695345, 24.4903242 ], [ 118.0705528, 24.4896698 ], [ 118.0707995, 24.4894875 ], [ 118.0712127, 24.489132 ], [ 118.0715077, 24.4887322 ], [ 118.0717458, 24.4882732 ] ] ] } },
{ "type": "Feature", "properties": { "osm_id": "773642124", "code": 6101, "fclass": "rail", "name": null, "layer": 0, "bridge": "F", "tunnel": "F" }, "geometry": { "type": "MultiLineString", "coordinates": [ [ [ 118.1103136, 24.5370855 ], [ 118.1101218, 24.5375405 ], [ 118.1101057, 24.5376003 ], [ 118.1100145, 24.5379029 ], [ 118.1097168, 24.5388764 ], [ 118.1087928, 24.5416738 ], [ 118.1085433, 24.5423948 ], [ 118.1082925, 24.5430511 ], [ 118.1081048, 24.5435635 ], [ 118.1077802, 24.5444833 ], [ 118.1074543, 24.5454117 ], [ 118.1072752, 24.5458166 ], [ 118.1070735, 24.5462729 ], [ 118.106899, 24.5466715 ], [ 118.1067798, 24.5469439 ], [ 118.1064874, 24.5475623 ], [ 118.1061172, 24.5481052 ], [ 118.1056331, 24.5487164 ], [ 118.1053206, 24.5490591 ], [ 118.1048191, 24.5495312 ] ] ] } },
{ "type": "Feature", "properties": { "osm_id": "773642125", "code": 6101, "fclass": "rail", "name": null, "layer": 0, "bridge": "F", "tunnel": "F" }, "geometry": { "type": "MultiLineString", "coordinates": [ [ [ 118.1072752, 24.5458166 ], [ 118.1074101, 24.5453934 ], [ 118.1076448, 24.5445236 ], [ 118.1077963, 24.5440185 ], [ 118.108082, 24.5432219 ], [ 118.1088236, 24.5411334 ], [ 118.1096725, 24.5386178 ], [ 118.1097986, 24.538292 ], [ 118.1099072, 24.5380359 ], [ 118.1099917, 24.5378821 ], [ 118.1101057, 24.5376003 ] ] ] } },
{ "type": "Feature", "properties": { "osm_id": "773642126", "code": 6101, "fclass": "rail", "name": null, "layer": 0, "bridge": "F", "tunnel": "F" }, "geometry": { "type": "MultiLineString", "coordinates": [ [ [ 118.1099072, 24.5380359 ], [ 118.1097074, 24.5383982 ], [ 118.1096269, 24.538608 ], [ 118.1087311, 24.5412553 ], [ 118.1084628, 24.5420105 ], [ 118.1077547, 24.5440112 ], [ 118.107571, 24.5445187 ], [ 118.1073484, 24.5453812 ], [ 118.1071982, 24.545863 ], [ 118.1070735, 24.5462729 ] ] ] } },
{ "type": "Feature", "properties": { "osm_id": "775651531", "code": 6101, "fclass": "rail", "name": null, "layer": 0, "bridge": "F", "tunnel": "F" }, "geometry": { "type": "MultiLineString", "coordinates": [ [ [ 118.1068696, 24.4674168 ], [ 118.1071217, 24.4676719 ] ] ] } },
{ "type": "Feature", "properties": { "osm_id": "775651532", "code": 6101, "fclass": "rail", "name": null, "layer": 0, "bridge": "F", "tunnel": "F" }, "geometry": { "type": "MultiLineString", "coordinates": [ [ [ 118.1058732, 24.4667308 ], [ 118.1064154, 24.4670737 ] ] ] } },
{ "type": "Feature", "properties": { "osm_id": "775651533", "code": 6101, "fclass": "rail", "name": null, "layer": 0, "bridge": "F", "tunnel": "F" }, "geometry": { "type": "MultiLineString", "coordinates": [ [ [ 118.1149028, 24.4733961 ], [ 118.1145287, 24.4731318 ], [ 118.1142833, 24.472938 ], [ 118.1140204, 24.472729 ] ] ] } },
{ "type": "Feature", "properties": { "osm_id": "775651534", "code": 6101, "fclass": "rail", "name": null, "layer": 0, "bridge": "F", "tunnel": "F" }, "geometry": { "type": "MultiLineString", "coordinates": [ [ [ 118.1184581, 24.4775992 ], [ 118.1181496, 24.4772379 ] ] ] } },
{ "type": "Feature", "properties": { "osm_id": "775651535", "code": 6101, "fclass": "rail", "name": null, "layer": 0, "bridge": "F", "tunnel": "F" }, "geometry": { "type": "MultiLineString", "coordinates": [ [ [ 118.1067798, 24.5469439 ], [ 118.1063586, 24.5476392 ] ] ] } },
{ "type": "Feature", "properties": { "osm_id": "775651536", "code": 6101, "fclass": "rail", "name": null, "layer": 0, "bridge": "F", "tunnel": "F" }, "geometry": { "type": "MultiLineString", "coordinates": [ [ [ 118.1070225, 24.5462632 ], [ 118.1068052, 24.546756 ], [ 118.1066912, 24.546989 ] ] ] } },
{ "type": "Feature", "properties": { "osm_id": "775651537", "code": 6101, "fclass": "rail", "name": null, "layer": 0, "bridge": "F", "tunnel": "F" }, "geometry": { "type": "MultiLineString", "coordinates": [ [ [ 118.1074195, 24.5443076 ], [ 118.1071928, 24.5455471 ], [ 118.107115, 24.5459679 ], [ 118.1070225, 24.5462632 ], [ 118.106899, 24.5466715 ] ] ] } },
{ "type": "Feature", "properties": { "osm_id": "775651538", "code": 6101, "fclass": "rail", "name": null, "layer": 0, "bridge": "F", "tunnel": "F" }, "geometry": { "type": "MultiLineString", "coordinates": [ [ [ 118.1073859, 24.5448029 ], [ 118.1072505, 24.5455074 ], [ 118.107115, 24.5459679 ] ] ] } },
{ "type": "Feature", "properties": { "osm_id": "775651539", "code": 6101, "fclass": "rail", "name": null, "layer": 0, "bridge": "F", "tunnel": "F" }, "geometry": { "type": "MultiLineString", "coordinates": [ [ [ 118.1103699, 24.5370782 ], [ 118.1102666, 24.5375552 ] ] ] } },
{ "type": "Feature", "properties": { "osm_id": "775651540", "code": 6101, "fclass": "rail", "name": null, "layer": 0, "bridge": "F", "tunnel": "F" }, "geometry": { "type": "MultiLineString", "coordinates": [ [ [ 118.1105937, 24.53616 ], [ 118.1105484, 24.5363951 ], [ 118.1105015, 24.536639 ] ] ] } },
{ "type": "Feature", "properties": { "osm_id": "775651541", "code": 6101, "fclass": "rail", "name": null, "layer": 0, "bridge": "F", "tunnel": "F" }, "geometry": { "type": "MultiLineString", "coordinates": [ [ [ 118.110453, 24.5366249 ], [ 118.1105484, 24.5363951 ], [ 118.1106425, 24.5361687 ] ] ] } },
{ "type": "Feature", "properties": { "osm_id": "775651542", "code": 6101, "fclass": "rail", "name": null, "layer": 0, "bridge": "F", "tunnel": "F" }, "geometry": { "type": "MultiLineString", "coordinates": [ [ [ 118.1107803, 24.5357093 ], [ 118.1110015, 24.5351981 ], [ 118.1112014, 24.5348456 ], [ 118.1117215, 24.5341262 ] ] ] } },
{ "type": "Feature", "properties": { "osm_id": "775651543", "code": 6101, "fclass": "rail", "name": null, "layer": 0, "bridge": "F", "tunnel": "F" }, "geometry": { "type": "MultiLineString", "coordinates": [ [ [ 118.110736, 24.5356898 ], [ 118.1108312, 24.5352055 ] ] ] } },
{ "type": "Feature", "properties": { "osm_id": "775651544", "code": 6101, "fclass": "rail", "name": null, "layer": 0, "bridge": "F", "tunnel": "F" }, "geometry": { "type": "MultiLineString", "coordinates": [ [ [ 118.1126484, 24.5320907 ], [ 118.1117097, 24.5333034 ], [ 118.1112939, 24.533972 ], [ 118.1110391, 24.5345442 ], [ 118.1109184, 24.5349175 ], [ 118.1108312, 24.5352055 ], [ 118.1102639, 24.5370794 ], [ 118.1101218, 24.5375405 ] ] ] } },
{ "type": "Feature", "properties": { "osm_id": "775651545", "code": 6101, "fclass": "rail", "name": null, "layer": 0, "bridge": "F", "tunnel": "F" }, "geometry": { "type": "MultiLineString", "coordinates": [ [ [ 118.1080952, 24.5439152 ], [ 118.1083234, 24.5434085 ], [ 118.109407, 24.5403672 ], [ 118.1102666, 24.5375552 ], [ 118.1107776, 24.5359216 ], [ 118.1109412, 24.5355385 ], [ 118.1113573, 24.5347804 ], [ 118.1114012, 24.5347004 ], [ 118.1116238, 24.5343075 ] ] ] } },
{ "type": "Feature", "properties": { "osm_id": "775651546", "code": 6101, "fclass": "rail", "name": null, "layer": 0, "bridge": "F", "tunnel": "F" }, "geometry": { "type": "MultiLineString", "coordinates": [ [ [ 118.1077413, 24.5447529 ], [ 118.1080109, 24.5441539 ] ] ] } },
{ "type": "Feature", "properties": { "osm_id": "775651547", "code": 6101, "fclass": "rail", "name": null, "layer": 0, "bridge": "F", "tunnel": "F" }, "geometry": { "type": "MultiLineString", "coordinates": [ [ [ 118.1045978, 24.5496898 ], [ 118.1049076, 24.5493604 ], [ 118.1051396, 24.5491604 ] ] ] } },
{ "type": "Feature", "properties": { "osm_id": "777021085", "code": 6101, "fclass": "rail", "name": null, "layer": 0, "bridge": "F", "tunnel": "F" }, "geometry": { "type": "MultiLineString", "coordinates": [ [ [ 118.096447, 24.5327582 ], [ 118.0962776, 24.5325275 ] ] ] } },
{ "type": "Feature", "properties": { "osm_id": "777021086", "code": 6101, "fclass": "rail", "name": "东渡港线", "layer": 0, "bridge": "F", "tunnel": "F" }, "geometry": { "type": "MultiLineString", "coordinates": [ [ [ 118.096447, 24.5327582 ], [ 118.0962856, 24.5324409 ] ] ] } },
{ "type": "Feature", "properties": { "osm_id": "777021087", "code": 6101, "fclass": "rail", "name": "东渡港线", "layer": 1, "bridge": "T", "tunnel": "F" }, "geometry": { "type": "MultiLineString", "coordinates": [ [ [ 118.0962856, 24.5324409 ], [ 118.0960938, 24.5321432 ] ] ] } },
{ "type": "Feature", "properties": { "osm_id": "833916365", "code": 6103, "fclass": "subway", "name": "厦门地铁一号线", "layer": -1, "bridge": "F", "tunnel": "T" }, "geometry": { "type": "MultiLineString", "coordinates": [ [ [ 118.1074144, 24.5473822 ], [ 118.105219, 24.5494889 ], [ 118.1028279, 24.551742 ] ] ] } },
{ "type": "Feature", "properties": { "osm_id": "833916366", "code": 6103, "fclass": "subway", "name": "厦门地铁一号线", "layer": -1, "bridge": "F", "tunnel": "T" }, "geometry": { "type": "MultiLineString", "coordinates": [ [ [ 118.1027873, 24.5517026 ], [ 118.1051905, 24.5494641 ], [ 118.1073765, 24.5473525 ] ] ] } },
{ "type": "Feature", "properties": { "osm_id": "895907489", "code": 6101, "fclass": "rail", "name": "鹰厦线", "layer": 1, "bridge": "F", "tunnel": "F" }, "geometry": { "type": "MultiLineString", "coordinates": [ [ [ 118.1320996, 24.5106712 ], [ 118.1320421, 24.5118936 ], [ 118.1319269, 24.5125315 ], [ 118.1316615, 24.5132286 ], [ 118.1312008, 24.5141762 ], [ 118.1307451, 24.5147184 ] ] ] } },
{ "type": "Feature", "properties": { "osm_id": "895907490", "code": 6101, "fclass": "rail", "name": "鹰厦线", "layer": 1, "bridge": "F", "tunnel": "F" }, "geometry": { "type": "MultiLineString", "coordinates": [ [ [ 118.1320465, 24.5106602 ], [ 118.1319887, 24.5118886 ], [ 118.1318747, 24.5125195 ], [ 118.1316116, 24.5132107 ], [ 118.1311543, 24.5141512 ], [ 118.1307056, 24.514685 ] ] ] } },
{ "type": "Feature", "properties": { "osm_id": "895907491", "code": 6101, "fclass": "rail", "name": "鹰厦线", "layer": 1, "bridge": "T", "tunnel": "F" }, "geometry": { "type": "MultiLineString", "coordinates": [ [ [ 118.1320615, 24.5103402 ], [ 118.1320465, 24.5106602 ] ] ] } },
{ "type": "Feature", "properties": { "osm_id": "895907492", "code": 6101, "fclass": "rail", "name": "鹰厦线", "layer": 1, "bridge": "T", "tunnel": "F" }, "geometry": { "type": "MultiLineString", "coordinates": [ [ [ 118.1321152, 24.5103547 ], [ 118.1320996, 24.5106712 ] ] ] } },
{ "type": "Feature", "properties": { "osm_id": "1066813563", "code": 6101, "fclass": "rail", "name": "鹰厦线", "layer": 0, "bridge": "F", "tunnel": "F" }, "geometry": { "type": "MultiLineString", "coordinates": [ [ [ 118.1074977, 24.4679455 ], [ 118.1078325, 24.4681443 ], [ 118.1086761, 24.4686521 ], [ 118.108912, 24.4688317 ], [ 118.1091133, 24.4689865 ], [ 118.110998, 24.4704109 ] ] ] } },
{ "type": "Feature", "properties": { "osm_id": "1079914836", "code": 6103, "fclass": "subway", "name": null, "layer": -1, "bridge": "F", "tunnel": "T" }, "geometry": { "type": "MultiLineString", "coordinates": [ [ [ 118.1105393, 24.4701403 ], [ 118.1097228, 24.4713915 ], [ 118.1097069, 24.4714382 ], [ 118.1096942, 24.4714982 ], [ 118.109675, 24.4715767 ], [ 118.1096606, 24.4716448 ] ] ] } },
{ "type": "Feature", "properties": { "osm_id": "1079914837", "code": 6103, "fclass": "subway", "name": null, "layer": -2, "bridge": "F", "tunnel": "T" }, "geometry": { "type": "MultiLineString", "coordinates": [ [ [ 118.1096178, 24.4716231 ], [ 118.109675, 24.4715767 ], [ 118.109739, 24.4715164 ], [ 118.1097936, 24.4714688 ], [ 118.1098254, 24.4714286 ], [ 118.1102041, 24.4708197 ], [ 118.1105975, 24.4701781 ] ] ] } },
{ "type": "Feature", "properties": { "osm_id": "1079914838", "code": 6103, "fclass": "subway", "name": "厦门地铁3号线南延段", "layer": -4, "bridge": "F", "tunnel": "T" }, "geometry": { "type": "MultiLineString", "coordinates": [ [ [ 118.11056, 24.4701513 ], [ 118.111943, 24.4680887 ], [ 118.1138936, 24.4651798 ], [ 118.1142798, 24.464633 ], [ 118.1146633, 24.46386 ], [ 118.1148149, 24.4633578 ], [ 118.1149418, 24.4628893 ], [ 118.1150055, 24.4622787 ], [ 118.1166535, 24.4395661 ], [ 118.1167367, 24.4384195 ], [ 118.1169299, 24.4358442 ], [ 118.1169084, 24.4354925 ], [ 118.1167904, 24.4350041 ], [ 118.1161347, 24.4337591 ], [ 118.1155037, 24.4325611 ], [ 118.1152179, 24.432076 ], [ 118.1150355, 24.4318757 ], [ 118.1147512, 24.4316266 ], [ 118.1144615, 24.431441 ], [ 118.1140109, 24.4312408 ], [ 118.1134798, 24.4311236 ], [ 118.1126376, 24.4310796 ], [ 118.1116827, 24.4311822 ], [ 118.1095472, 24.4316927 ], [ 118.1089909, 24.4317702 ], [ 118.108627, 24.4318496 ], [ 118.1080386, 24.4319512 ], [ 118.1069598, 24.4320918 ], [ 118.1061947, 24.4322483 ], [ 118.1053081, 24.4323946 ], [ 118.1050743, 24.4324517 ], [ 118.1047259, 24.4325753 ], [ 118.1045879, 24.4326243 ], [ 118.1025216, 24.4335217 ], [ 118.0999632, 24.4342599 ], [ 118.0990735, 24.4346214 ], [ 118.0987646, 24.4347552 ], [ 118.0982049, 24.4349977 ], [ 118.0972534, 24.4353228 ], [ 118.0965272, 24.435461 ], [ 118.0951822, 24.4355566 ], [ 118.0940311, 24.4355694 ], [ 118.0933348, 24.4355606 ], [ 118.0910259, 24.4359584 ], [ 118.0906523, 24.4361136 ], [ 118.0903955, 24.4363177 ], [ 118.0898538, 24.4366493 ], [ 118.0891327, 24.4370816 ], [ 118.0887614, 24.4373042 ], [ 118.0873936, 24.4381325 ], [ 118.0871227, 24.4382966 ], [ 118.0861636, 24.4387864 ], [ 118.0854015, 24.4391748 ], [ 118.0847241, 24.4395105 ], [ 118.0842862, 24.439725 ], [ 118.083962, 24.4398794 ], [ 118.0838025, 24.4400245 ], [ 118.0837342, 24.4401391 ], [ 118.083671, 24.4403102 ], [ 118.083632, 24.4404357 ] ] ] } },
{ "type": "Feature", "properties": { "osm_id": "1079914839", "code": 6103, "fclass": "subway", "name": "厦门地铁3号线南延段", "layer": -4, "bridge": "F", "tunnel": "T" }, "geometry": { "type": "MultiLineString", "coordinates": [ [ [ 118.1105814, 24.4701604 ], [ 118.1139449, 24.4652027 ], [ 118.1143231, 24.4646412 ], [ 118.1146986, 24.4638673 ], [ 118.1148649, 24.4633644 ], [ 118.1149829, 24.4628761 ], [ 118.1150527, 24.4622804 ], [ 118.1167068, 24.4395598 ], [ 118.1167893, 24.4384269 ], [ 118.1169994, 24.4358716 ], [ 118.1169714, 24.4354975 ], [ 118.1168593, 24.434983 ], [ 118.1161854, 24.4337365 ], [ 118.1155284, 24.4325213 ], [ 118.1152668, 24.4320451 ], [ 118.1150614, 24.4318112 ], [ 118.1147812, 24.4315689 ], [ 118.1144823, 24.4313818 ], [ 118.1140526, 24.4311862 ], [ 118.1134922, 24.4310842 ], [ 118.112647, 24.4310459 ], [ 118.1116469, 24.4311308 ], [ 118.1102933, 24.4313648 ], [ 118.1093801, 24.4315805 ], [ 118.1047811, 24.4323947 ], [ 118.1042623, 24.4326004 ], [ 118.1037411, 24.4328767 ], [ 118.1029755, 24.4332117 ], [ 118.1024484, 24.4334258 ], [ 118.1016188, 24.4336677 ], [ 118.1006941, 24.4338875 ], [ 118.0995519, 24.4342219 ], [ 118.098719, 24.4345475 ], [ 118.0981504, 24.4347697 ], [ 118.0974992, 24.4350372 ], [ 118.0969754, 24.4352079 ], [ 118.0965471, 24.4352949 ], [ 118.0951421, 24.4354593 ], [ 118.0940272, 24.4355173 ], [ 118.0936389, 24.4355083 ], [ 118.09333, 24.4355012 ], [ 118.0931424, 24.4355173 ], [ 118.0909906, 24.4358492 ], [ 118.090619, 24.4359909 ], [ 118.0903889, 24.4361714 ], [ 118.09012, 24.4363937 ], [ 118.0898864, 24.4365451 ], [ 118.0890996, 24.4370044 ], [ 118.0873403, 24.4380313 ], [ 118.0870656, 24.4381917 ], [ 118.0860924, 24.4386846 ], [ 118.0853528, 24.4390561 ], [ 118.0846865, 24.4393908 ], [ 118.0842209, 24.4396059 ], [ 118.0839102, 24.4397494 ], [ 118.0837895, 24.439847 ], [ 118.0836654, 24.439979 ], [ 118.0835752, 24.4401547 ], [ 118.0834915, 24.4404121 ] ] ] } },
{ "type": "Feature", "properties": { "osm_id": "1079914840", "code": 6103, "fclass": "subway", "name": "厦门地铁3号线南延段", "layer": -4, "bridge": "F", "tunnel": "T" }, "geometry": { "type": "MultiLineString", "coordinates": [ [ [ 118.0827414, 24.4421088 ], [ 118.0831039, 24.4416998 ], [ 118.0832403, 24.4415184 ], [ 118.0833312, 24.4413417 ], [ 118.0833935, 24.4410978 ], [ 118.0834331, 24.4409014 ], [ 118.0834548, 24.4407453 ], [ 118.0834638, 24.4405939 ], [ 118.0834915, 24.4404121 ] ] ] } },
{ "type": "Feature", "properties": { "osm_id": "1079914841", "code": 6103, "fclass": "subway", "name": "厦门地铁3号线南延段", "layer": -4, "bridge": "F", "tunnel": "T" }, "geometry": { "type": "MultiLineString", "coordinates": [ [ [ 118.0833935, 24.4410978 ], [ 118.0834742, 24.4409042 ], [ 118.0835209, 24.4407486 ], [ 118.0835666, 24.4406077 ], [ 118.083632, 24.4404357 ] ] ] } },
{ "type": "Feature", "properties": { "osm_id": "1079914842", "code": 6103, "fclass": "subway", "name": "厦门地铁3号线", "layer": -1, "bridge": "F", "tunnel": "T" }, "geometry": { "type": "MultiLineString", "coordinates": [ [ [ 118.1093183, 24.4721132 ], [ 118.1093363, 24.4720838 ], [ 118.1096178, 24.4716231 ], [ 118.1096942, 24.4714982 ], [ 118.1100734, 24.4709082 ], [ 118.11056, 24.4701513 ] ] ] } },
{ "type": "Feature", "properties": { "osm_id": "1079914843", "code": 6103, "fclass": "subway", "name": "厦门地铁3号线", "layer": -2, "bridge": "F", "tunnel": "T" }, "geometry": { "type": "MultiLineString", "coordinates": [ [ [ 118.1105814, 24.4701604 ], [ 118.109739, 24.4715164 ], [ 118.1096606, 24.4716448 ], [ 118.1093621, 24.4721333 ] ] ] } },
{ "type": "Feature", "properties": { "osm_id": "1080160244", "code": 6103, "fclass": "subway", "name": "厦门地铁3号线南延段", "layer": -4, "bridge": "F", "tunnel": "T" }, "geometry": { "type": "MultiLineString", "coordinates": [ [ [ 118.083632, 24.4404357 ], [ 118.0833752, 24.4414261 ], [ 118.0833115, 24.4415477 ], [ 118.0832135, 24.441675 ], [ 118.0828018, 24.4421728 ] ] ] } },
{ "type": "Feature", "properties": { "osm_id": "1080160245", "code": 6103, "fclass": "subway", "name": "厦门地铁3号线南延段", "layer": -4, "bridge": "F", "tunnel": "T" }, "geometry": { "type": "MultiLineString", "coordinates": [ [ [ 118.0834915, 24.4404121 ], [ 118.0832123, 24.4414011 ], [ 118.0830979, 24.4415883 ], [ 118.082688, 24.4420589 ] ] ] } },
{ "type": "Feature", "properties": { "osm_id": "1178636033", "code": 6103, "fclass": "subway", "name": "厦门地铁2号线", "layer": -4, "bridge": "F", "tunnel": "T" }, "geometry": { "type": "MultiLineString", "coordinates": [ [ [ 118.0728234, 24.4866047 ], [ 118.0726434, 24.4869273 ], [ 118.0722786, 24.487687 ], [ 118.0719642, 24.4883417 ] ] ] } },
{ "type": "Feature", "properties": { "osm_id": "1189742595", "code": 6101, "fclass": "rail", "name": null, "layer": 0, "bridge": "F", "tunnel": "F" }, "geometry": { "type": "MultiLineString", "coordinates": [ [ [ 118.1036173, 24.5507865 ], [ 118.1041421, 24.5502344 ] ] ] } },
{ "type": "Feature", "properties": { "osm_id": "1189742596", "code": 6101, "fclass": "rail", "name": null, "layer": 0, "bridge": "F", "tunnel": "F" }, "geometry": { "type": "MultiLineString", "coordinates": [ [ [ 118.1019712, 24.5400662 ], [ 118.1024976, 24.5407081 ] ] ] } },
{ "type": "Feature", "properties": { "osm_id": "1189742597", "code": 6101, "fclass": "rail", "name": null, "layer": 0, "bridge": "F", "tunnel": "F" }, "geometry": { "type": "MultiLineString", "coordinates": [ [ [ 118.1025253, 24.5406595 ], [ 118.1028613, 24.5410131 ] ] ] } },
{ "type": "Feature", "properties": { "osm_id": "1189742598", "code": 6101, "fclass": "rail", "name": null, "layer": 0, "bridge": "F", "tunnel": "F" }, "geometry": { "type": "MultiLineString", "coordinates": [ [ [ 118.1027285, 24.5409261 ], [ 118.1028693, 24.5411518 ], [ 118.103009, 24.5413757 ] ] ] } },
{ "type": "Feature", "properties": { "osm_id": "1189742599", "code": 6101, "fclass": "rail", "name": null, "layer": 0, "bridge": "F", "tunnel": "F" }, "geometry": { "type": "MultiLineString", "coordinates": [ [ [ 118.1026835, 24.5409508 ], [ 118.1028693, 24.5411518 ], [ 118.1030467, 24.5413437 ] ] ] } },
{ "type": "Feature", "properties": { "osm_id": "1189742600", "code": 6101, "fclass": "rail", "name": null, "layer": 0, "bridge": "F", "tunnel": "F" }, "geometry": { "type": "MultiLineString", "coordinates": [ [ [ 118.1031236, 24.5414446 ], [ 118.1034835, 24.5418401 ] ] ] } }
]
}
