{
"type": "FeatureCollection",
"name": "water_1",
"crs": { "type": "name", "properties": { "name": "urn:ogc:def:crs:OGC:1.3:CRS84" } },
"features": [
{ "type": "Feature", "properties": { "osm_id": "51807897", "code": 8200, "fclass": "water", "name": "湖边水库" }, "geometry": { "type": "MultiPolygon", "coordinates": [ [ [ [ 118.1502044, 24.4932145 ], [ 118.1502604, 24.4947394 ], [ 118.1509533, 24.4964823 ], [ 118.1542449, 24.4980521 ], [ 118.1548564, 24.498615 ], [ 118.1548913, 24.4992989 ], [ 118.1547363, 24.4996938 ], [ 118.1558644, 24.5005266 ], [ 118.1575478, 24.5008287 ], [ 118.1584967, 24.5012202 ], [ 118.158567, 24.5022043 ], [ 118.1617335, 24.5038078 ], [ 118.1618886, 24.5035315 ], [ 118.1620217, 24.503221 ], [ 118.1621188, 24.5028457 ], [ 118.1621397, 24.5025538 ], [ 118.162365, 24.5023824 ], [ 118.1625968, 24.5022736 ], [ 118.1629932, 24.5023512 ], [ 118.1635978, 24.5026006 ], [ 118.1640301, 24.5027817 ], [ 118.1643949, 24.5027725 ], [ 118.1646427, 24.5026763 ], [ 118.1648246, 24.5025103 ], [ 118.1649335, 24.502258 ], [ 118.1648697, 24.5019431 ], [ 118.1647393, 24.5016541 ], [ 118.1648005, 24.5009683 ], [ 118.1648412, 24.5002244 ], [ 118.1648718, 24.4998187 ], [ 118.1649142, 24.4995029 ], [ 118.1649217, 24.4992217 ], [ 118.1648798, 24.4989933 ], [ 118.1647956, 24.4988273 ], [ 118.1646443, 24.4987453 ], [ 118.1644673, 24.498636 ], [ 118.1642544, 24.4985427 ], [ 118.1640028, 24.4984427 ], [ 118.1637721, 24.4983397 ], [ 118.1633687, 24.4981288 ], [ 118.1629723, 24.4978886 ], [ 118.1625994, 24.4975728 ], [ 118.1621821, 24.4958242 ], [ 118.1618865, 24.4946116 ], [ 118.1615164, 24.4939258 ], [ 118.1609085, 24.4931304 ], [ 118.1605354, 24.4927057 ], [ 118.1590774, 24.4918797 ], [ 118.1588604, 24.4917454 ], [ 118.1588424, 24.4914335 ], [ 118.1585731, 24.4913595 ], [ 118.1581263, 24.4913312 ], [ 118.157825, 24.4915646 ], [ 118.1578956, 24.4920164 ], [ 118.1579787, 24.4925499 ], [ 118.158343, 24.4929327 ], [ 118.1587807, 24.4938504 ], [ 118.1591012, 24.4945394 ], [ 118.1595604, 24.4948262 ], [ 118.1599646, 24.4950925 ], [ 118.1604831, 24.4958458 ], [ 118.1604941, 24.4967684 ], [ 118.1600712, 24.4974088 ], [ 118.1589259, 24.4980058 ], [ 118.158309, 24.4979906 ], [ 118.1575783, 24.4977417 ], [ 118.1557593, 24.4965189 ], [ 118.1546778, 24.4957237 ], [ 118.1543806, 24.4952106 ], [ 118.1540834, 24.4941552 ], [ 118.1539262, 24.4940419 ], [ 118.1530266, 24.4941415 ], [ 118.1524934, 24.4942392 ], [ 118.1517928, 24.4941825 ], [ 118.1507687, 24.4935728 ], [ 118.1502044, 24.4932145 ] ] ] ] } },
{ "type": "Feature", "properties": { "osm_id": "51807899", "code": 8200, "fclass": "water", "name": "埭辽水库" }, "geometry": { "type": "MultiPolygon", "coordinates": [ [ [ [ 118.1335938, 24.535053 ], [ 118.1336511, 24.5352094 ], [ 118.1339452, 24.5354238 ], [ 118.1344387, 24.5357093 ], [ 118.1345916, 24.5357191 ], [ 118.1347471, 24.5357947 ], [ 118.1348544, 24.5358899 ], [ 118.1349054, 24.5359826 ], [ 118.1356376, 24.5363388 ], [ 118.1358496, 24.5363595 ], [ 118.1360105, 24.5363364 ], [ 118.1361726, 24.5362568 ], [ 118.1363618, 24.5362925 ], [ 118.1364986, 24.5362559 ], [ 118.1366032, 24.5361844 ], [ 118.1366649, 24.536046 ], [ 118.1366488, 24.5357069 ], [ 118.1367347, 24.5352116 ], [ 118.1368168, 24.5347088 ], [ 118.1368056, 24.5345504 ], [ 118.1367873, 24.534293 ], [ 118.136732, 24.5340135 ], [ 118.1367301, 24.5339076 ], [ 118.1367266, 24.5337183 ], [ 118.1368493, 24.5333758 ], [ 118.1369626, 24.5330594 ], [ 118.1369876, 24.5328373 ], [ 118.1368822, 24.5327715 ], [ 118.1368399, 24.5326621 ], [ 118.1367481, 24.5326202 ], [ 118.1366834, 24.5325467 ], [ 118.1364196, 24.5323842 ], [ 118.1363048, 24.5323398 ], [ 118.1359568, 24.5322054 ], [ 118.1358603, 24.5321761 ], [ 118.1357604, 24.5320743 ], [ 118.1356888, 24.5320679 ], [ 118.1355748, 24.5320577 ], [ 118.1354365, 24.5321395 ], [ 118.1352836, 24.5321615 ], [ 118.1350878, 24.532264 ], [ 118.1349429, 24.5322535 ], [ 118.1348662, 24.5323129 ], [ 118.1340213, 24.5329677 ], [ 118.134082, 24.5330887 ], [ 118.1340659, 24.5332107 ], [ 118.1339634, 24.5333066 ], [ 118.1338088, 24.5333543 ], [ 118.1337467, 24.5334621 ], [ 118.1337896, 24.5338891 ], [ 118.1339264, 24.5340208 ], [ 118.1339121, 24.5341664 ], [ 118.1338612, 24.5342779 ], [ 118.1338271, 24.5343527 ], [ 118.1338003, 24.5344625 ], [ 118.13383, 24.5346609 ], [ 118.1337842, 24.5348675 ], [ 118.1336688, 24.534957 ], [ 118.1335938, 24.535053 ] ] ] ] } },
{ "type": "Feature", "properties": { "osm_id": "127598700", "code": 8200, "fclass": "water", "name": null }, "geometry": { "type": "MultiPolygon", "coordinates": [ [ [ [ 118.1114753, 24.4845432 ], [ 118.1116319, 24.4845851 ], [ 118.1123785, 24.4822533 ], [ 118.1122126, 24.4822114 ], [ 118.1114753, 24.4845432 ] ] ] ] } },
{ "type": "Feature", "properties": { "osm_id": "127598701", "code": 8200, "fclass": "water", "name": null }, "geometry": { "type": "MultiPolygon", "coordinates": [ [ [ [ 118.0992599, 24.506711 ], [ 118.0996175, 24.50708 ], [ 118.1000931, 24.507496 ], [ 118.1002516, 24.5073853 ], [ 118.1004876, 24.5073618 ], [ 118.1004179, 24.50713 ], [ 118.1002787, 24.5071036 ], [ 118.1002374, 24.5070587 ], [ 118.1002506, 24.5070021 ], [ 118.1003249, 24.5069655 ], [ 118.1003992, 24.5069933 ], [ 118.1006255, 24.5067551 ], [ 118.1008194, 24.5068519 ], [ 118.101059, 24.5067714 ], [ 118.1013355, 24.5068486 ], [ 118.1015162, 24.5067748 ], [ 118.1017742, 24.5068452 ], [ 118.1018332, 24.5067915 ], [ 118.1018738, 24.5068318 ], [ 118.1019991, 24.506758 ], [ 118.1021355, 24.5068117 ], [ 118.1021466, 24.5070196 ], [ 118.1022572, 24.5071471 ], [ 118.1023457, 24.5071471 ], [ 118.102412, 24.5070633 ], [ 118.1025189, 24.5068352 ], [ 118.1024563, 24.5067647 ], [ 118.1023604, 24.5067781 ], [ 118.1022351, 24.5067177 ], [ 118.1021355, 24.5067614 ], [ 118.1019954, 24.5066976 ], [ 118.1020581, 24.5066372 ], [ 118.1019328, 24.5066205 ], [ 118.1019401, 24.5065567 ], [ 118.1018295, 24.5064695 ], [ 118.1017558, 24.5065701 ], [ 118.101601, 24.5064829 ], [ 118.1012323, 24.5063789 ], [ 118.1014019, 24.506228 ], [ 118.1015125, 24.5062213 ], [ 118.1015125, 24.5060804 ], [ 118.1014277, 24.5059563 ], [ 118.101295, 24.5058657 ], [ 118.1011119, 24.5059898 ], [ 118.1009447, 24.5058925 ], [ 118.1008599, 24.5060837 ], [ 118.1009152, 24.5061642 ], [ 118.1009079, 24.5062615 ], [ 118.1007604, 24.5063655 ], [ 118.1003401, 24.5063051 ], [ 118.1001226, 24.506285 ], [ 118.0999008, 24.5063763 ], [ 118.0999072, 24.5064447 ], [ 118.099841, 24.5064925 ], [ 118.0997629, 24.5064576 ], [ 118.0996323, 24.5062951 ], [ 118.099484, 24.5064195 ], [ 118.0994369, 24.5065668 ], [ 118.0992599, 24.506711 ] ] ] ] } },
{ "type": "Feature", "properties": { "osm_id": "129196711", "code": 8200, "fclass": "water", "name": null }, "geometry": { "type": "MultiPolygon", "coordinates": [ [ [ [ 118.0704364, 24.4757272 ], [ 118.0704413, 24.4757754 ], [ 118.0717328, 24.4758326 ], [ 118.0717295, 24.4757844 ], [ 118.0704364, 24.4757272 ] ] ] ] } },
{ "type": "Feature", "properties": { "osm_id": "129196715", "code": 8200, "fclass": "water", "name": null }, "geometry": { "type": "MultiPolygon", "coordinates": [ [ [ [ 118.0717675, 24.4757904 ], [ 118.0717724, 24.4758371 ], [ 118.0726306, 24.4758882 ], [ 118.072629, 24.4758356 ], [ 118.0717675, 24.4757904 ] ] ] ] } },
{ "type": "Feature", "properties": { "osm_id": "148659546", "code": 8200, "fclass": "water", "name": null }, "geometry": { "type": "MultiPolygon", "coordinates": [ [ [ [ 118.1678536, 24.5187141 ], [ 118.1679958, 24.5188465 ], [ 118.1681328, 24.5189902 ], [ 118.1683917, 24.5191585 ], [ 118.1685929, 24.519235 ], [ 118.1689818, 24.5193001 ], [ 118.1691689, 24.5193112 ], [ 118.1693272, 24.5193197 ], [ 118.1695136, 24.5193587 ], [ 118.16968, 24.5193851 ], [ 118.1698782, 24.5194186 ], [ 118.1700127, 24.5194613 ], [ 118.1701578, 24.5195017 ], [ 118.1702668, 24.5195682 ], [ 118.1704429, 24.5197378 ], [ 118.1705334, 24.5198397 ], [ 118.1706282, 24.519931 ], [ 118.1706739, 24.5199976 ], [ 118.1707351, 24.5200459 ], [ 118.1707676, 24.5201411 ], [ 118.170788, 24.5202916 ], [ 118.1708118, 24.5203804 ], [ 118.1709062, 24.5206586 ], [ 118.1710457, 24.5210783 ], [ 118.171198, 24.5216005 ], [ 118.1713053, 24.5219421 ], [ 118.1714341, 24.522274 ], [ 118.1717538, 24.5224058 ], [ 118.1720456, 24.5224302 ], [ 118.1722494, 24.5224692 ], [ 118.1727516, 24.5226401 ], [ 118.1731078, 24.5227914 ], [ 118.173524, 24.5229231 ], [ 118.1736764, 24.5229963 ], [ 118.1737601, 24.5230988 ], [ 118.1737837, 24.5229671 ], [ 118.1737193, 24.5228402 ], [ 118.1735906, 24.5227328 ], [ 118.1733116, 24.5226645 ], [ 118.1730112, 24.5225571 ], [ 118.1727752, 24.522479 ], [ 118.172528, 24.5223101 ], [ 118.1724498, 24.5221483 ], [ 118.1724104, 24.5220398 ], [ 118.1723459, 24.521874 ], [ 118.1724066, 24.5218904 ], [ 118.1724383, 24.5219604 ], [ 118.1725009, 24.5221256 ], [ 118.1726142, 24.5222838 ], [ 118.1728288, 24.5224204 ], [ 118.1730842, 24.5225229 ], [ 118.1733524, 24.5225913 ], [ 118.1735476, 24.5226449 ], [ 118.1737408, 24.5226254 ], [ 118.173612, 24.5221081 ], [ 118.1735369, 24.5220202 ], [ 118.1734296, 24.5219519 ], [ 118.1731078, 24.5218641 ], [ 118.172743, 24.521786 ], [ 118.1723695, 24.5217171 ], [ 118.1723783, 24.5218437 ], [ 118.1723404, 24.5218361 ], [ 118.1723198, 24.5217081 ], [ 118.1721775, 24.5216704 ], [ 118.1721545, 24.5218629 ], [ 118.1721967, 24.5221358 ], [ 118.1723214, 24.5222306 ], [ 118.1724056, 24.5222848 ], [ 118.1723738, 24.5223048 ], [ 118.1722795, 24.5222399 ], [ 118.1721817, 24.5221722 ], [ 118.1721447, 24.5220276 ], [ 118.1721297, 24.521901 ], [ 118.1721234, 24.5217606 ], [ 118.1721345, 24.5216543 ], [ 118.1720056, 24.5216356 ], [ 118.1718847, 24.5216103 ], [ 118.1717559, 24.5217762 ], [ 118.1717237, 24.5220007 ], [ 118.1717023, 24.5221178 ], [ 118.1716057, 24.5220788 ], [ 118.171477, 24.5219617 ], [ 118.1714448, 24.521786 ], [ 118.1713911, 24.5215712 ], [ 118.1713268, 24.5213272 ], [ 118.1712195, 24.5210344 ], [ 118.1710264, 24.5206244 ], [ 118.1709191, 24.5202925 ], [ 118.1708272, 24.5200476 ], [ 118.170711, 24.5198835 ], [ 118.1705882, 24.5196598 ], [ 118.1705415, 24.5195734 ], [ 118.1704789, 24.519524 ], [ 118.1704266, 24.5194932 ], [ 118.1702764, 24.5194146 ], [ 118.1701298, 24.5193413 ], [ 118.1699752, 24.5193147 ], [ 118.1697323, 24.5192766 ], [ 118.1694007, 24.5192413 ], [ 118.1690387, 24.5192096 ], [ 118.168804, 24.5192 ], [ 118.1686012, 24.5191545 ], [ 118.1683947, 24.5190671 ], [ 118.1681549, 24.5189061 ], [ 118.1680258, 24.5187758 ], [ 118.1679261, 24.5186366 ], [ 118.1678536, 24.5187141 ] ] ] ] } },
{ "type": "Feature", "properties": { "osm_id": "151207801", "code": 8200, "fclass": "water", "name": null }, "geometry": { "type": "MultiPolygon", "coordinates": [ [ [ [ 118.1751035, 24.4909223 ], [ 118.175125, 24.4909369 ], [ 118.1751116, 24.4909613 ], [ 118.175117, 24.4909833 ], [ 118.1751196, 24.4910028 ], [ 118.175133, 24.4910199 ], [ 118.1751652, 24.4910321 ], [ 118.1751518, 24.491059 ], [ 118.1751408, 24.491082 ], [ 118.175165, 24.4910894 ], [ 118.1751706, 24.4911127 ], [ 118.1751625, 24.4911395 ], [ 118.1751867, 24.4911542 ], [ 118.1751974, 24.4911883 ], [ 118.175176, 24.4911957 ], [ 118.1752001, 24.4912152 ], [ 118.1752135, 24.4912396 ], [ 118.175232, 24.49127 ], [ 118.1752618, 24.4912909 ], [ 118.1752913, 24.4912762 ], [ 118.1753047, 24.491286 ], [ 118.1753286, 24.4912871 ], [ 118.17535, 24.491292 ], [ 118.1753393, 24.4913237 ], [ 118.1753664, 24.4913348 ], [ 118.1753634, 24.4913579 ], [ 118.1753956, 24.4913725 ], [ 118.175412, 24.4914056 ], [ 118.1754278, 24.491392 ], [ 118.1754549, 24.4913836 ], [ 118.1754817, 24.4914031 ], [ 118.1754978, 24.4914129 ], [ 118.1755381, 24.491408 ], [ 118.1755653, 24.4913807 ], [ 118.1756024, 24.4913592 ], [ 118.1756236, 24.4913725 ], [ 118.1756531, 24.491353 ], [ 118.1757017, 24.4913446 ], [ 118.1757204, 24.4913397 ], [ 118.1757229, 24.4913261 ], [ 118.1757473, 24.4913104 ], [ 118.1757631, 24.4913139 ], [ 118.1757711, 24.4913017 ], [ 118.1757929, 24.4912811 ], [ 118.1758141, 24.4912749 ], [ 118.1758382, 24.4912651 ], [ 118.1758277, 24.4912347 ], [ 118.1758975, 24.4911932 ], [ 118.1758975, 24.4911737 ], [ 118.175935, 24.491159 ], [ 118.1759672, 24.4911346 ], [ 118.175986, 24.4911005 ], [ 118.1760048, 24.4910663 ], [ 118.1760072, 24.4910454 ], [ 118.1760152, 24.4910137 ], [ 118.1760074, 24.4909882 ], [ 118.1760125, 24.4909673 ], [ 118.1760021, 24.4909418 ], [ 118.1759887, 24.4909247 ], [ 118.1759914, 24.4908881 ], [ 118.1760021, 24.4908613 ], [ 118.1760501, 24.4908282 ], [ 118.1760876, 24.4908062 ], [ 118.1760718, 24.4907734 ], [ 118.176085, 24.4907428 ], [ 118.1761011, 24.4907135 ], [ 118.1761171, 24.4906842 ], [ 118.1761467, 24.4906646 ], [ 118.1761764, 24.4906367 ], [ 118.1761869, 24.4906256 ], [ 118.1762003, 24.4906061 ], [ 118.1762193, 24.4905854 ], [ 118.1762218, 24.4905646 ], [ 118.176214, 24.4905269 ], [ 118.1762006, 24.4905073 ], [ 118.1761898, 24.4904902 ], [ 118.1761523, 24.4904805 ], [ 118.1761228, 24.4904756 ], [ 118.1760638, 24.4904927 ], [ 118.1760369, 24.4904951 ], [ 118.1760074, 24.4905 ], [ 118.1759699, 24.4905098 ], [ 118.1759404, 24.4904805 ], [ 118.175935, 24.4904512 ], [ 118.1759136, 24.4904097 ], [ 118.1758894, 24.4903804 ], [ 118.175868, 24.4903633 ], [ 118.1758438, 24.4903462 ], [ 118.1758114, 24.4903351 ], [ 118.1757902, 24.4903316 ], [ 118.1757607, 24.4903536 ], [ 118.1757765, 24.4903717 ], [ 118.1757926, 24.4903913 ], [ 118.1757714, 24.4904121 ], [ 118.17575, 24.4904195 ], [ 118.1757124, 24.490417 ], [ 118.1756909, 24.4904097 ], [ 118.1756614, 24.4904048 ], [ 118.1756346, 24.4903902 ], [ 118.1755863, 24.4903902 ], [ 118.1755944, 24.4904243 ], [ 118.1755702, 24.4904365 ], [ 118.1755407, 24.4904243 ], [ 118.1755246, 24.4903975 ], [ 118.1755112, 24.4903804 ], [ 118.1754522, 24.4903951 ], [ 118.1754093, 24.4903853 ], [ 118.1753849, 24.4903791 ], [ 118.1753396, 24.4904024 ], [ 118.1753044, 24.4904084 ], [ 118.1752725, 24.4903999 ], [ 118.175235, 24.4904341 ], [ 118.1752081, 24.490461 ], [ 118.1751947, 24.4904976 ], [ 118.1752079, 24.4905011 ], [ 118.1752081, 24.4905269 ], [ 118.1751947, 24.4905903 ], [ 118.1751974, 24.4906172 ], [ 118.1751837, 24.4906476 ], [ 118.1751706, 24.4906709 ], [ 118.1751572, 24.4906953 ], [ 118.1751706, 24.4907197 ], [ 118.1751676, 24.4907428 ], [ 118.1751652, 24.4907832 ], [ 118.1751596, 24.490816 ], [ 118.1751599, 24.4908515 ], [ 118.1751277, 24.490871 ], [ 118.1751223, 24.4908954 ], [ 118.1751035, 24.4909223 ] ] ] ] } },
{ "type": "Feature", "properties": { "osm_id": "151207807", "code": 8200, "fclass": "water", "name": null }, "geometry": { "type": "MultiPolygon", "coordinates": [ [ [ [ 118.1765197, 24.4904878 ], [ 118.1765302, 24.4905035 ], [ 118.1765597, 24.4905182 ], [ 118.1765734, 24.4905488 ], [ 118.1766002, 24.490561 ], [ 118.1766404, 24.4905488 ], [ 118.1766324, 24.4905269 ], [ 118.1766697, 24.4904913 ], [ 118.1766914, 24.4905 ], [ 118.1767233, 24.490528 ], [ 118.1767477, 24.490522 ], [ 118.1767451, 24.4904902 ], [ 118.1767316, 24.4904732 ], [ 118.1766713, 24.490453 ], [ 118.1767598, 24.4903822 ], [ 118.176777, 24.4903693 ], [ 118.1768228, 24.4903389 ], [ 118.1768548, 24.4903107 ], [ 118.1768684, 24.4902779 ], [ 118.1769004, 24.4902351 ], [ 118.1769301, 24.4902144 ], [ 118.1769704, 24.4901998 ], [ 118.1770481, 24.4902047 ], [ 118.1771045, 24.4902047 ], [ 118.1771823, 24.4902071 ], [ 118.1772466, 24.4901998 ], [ 118.1772973, 24.4901862 ], [ 118.1773432, 24.4901534 ], [ 118.1773861, 24.4901241 ], [ 118.1774207, 24.4901057 ], [ 118.1774558, 24.4900509 ], [ 118.17748, 24.4900118 ], [ 118.1775012, 24.4899763 ], [ 118.1775122, 24.489924 ], [ 118.1775256, 24.48988 ], [ 118.1775602, 24.4898225 ], [ 118.1776034, 24.4898019 ], [ 118.1776302, 24.4898019 ], [ 118.1777133, 24.4897629 ], [ 118.1777643, 24.4897458 ], [ 118.1778421, 24.4897482 ], [ 118.1778767, 24.4897615 ], [ 118.1779306, 24.4897458 ], [ 118.1779842, 24.4897531 ], [ 118.1780754, 24.4897555 ], [ 118.1781344, 24.4897433 ], [ 118.1781934, 24.4897311 ], [ 118.1782337, 24.489714 ], [ 118.17829, 24.4897165 ], [ 118.1783487, 24.489742 ], [ 118.1783973, 24.4897677 ], [ 118.1784778, 24.4897995 ], [ 118.1785475, 24.4897921 ], [ 118.1785982, 24.4897859 ], [ 118.1786813, 24.4897566 ], [ 118.1787218, 24.489736 ], [ 118.1787674, 24.4897092 ], [ 118.1788289, 24.4896785 ], [ 118.1789176, 24.4896335 ], [ 118.1790062, 24.4896164 ], [ 118.1790893, 24.4896115 ], [ 118.1791403, 24.4896042 ], [ 118.1791859, 24.4896018 ], [ 118.1792341, 24.489592 ], [ 118.1792663, 24.48957 ], [ 118.179328, 24.4895529 ], [ 118.1793709, 24.4895212 ], [ 118.1794621, 24.4894529 ], [ 118.179505, 24.4894285 ], [ 118.1795533, 24.4893918 ], [ 118.179607, 24.489365 ], [ 118.1796791, 24.4893051 ], [ 118.1797303, 24.4892649 ], [ 118.1797599, 24.4892283 ], [ 118.1797947, 24.4891966 ], [ 118.1798323, 24.48916 ], [ 118.1799476, 24.4891087 ], [ 118.1800224, 24.4891025 ], [ 118.1800683, 24.489094 ], [ 118.180088, 24.4890581 ], [ 118.1800694, 24.4890204 ], [ 118.1800458, 24.4889892 ], [ 118.18002, 24.4889891 ], [ 118.1799557, 24.4890184 ], [ 118.1798535, 24.4890439 ], [ 118.1797864, 24.4890781 ], [ 118.1797462, 24.4891293 ], [ 118.1797194, 24.4891635 ], [ 118.1796845, 24.4892196 ], [ 118.1796445, 24.4892722 ], [ 118.1795906, 24.4893002 ], [ 118.179545, 24.4893295 ], [ 118.1794916, 24.4893528 ], [ 118.1794165, 24.4893821 ], [ 118.1793546, 24.4894491 ], [ 118.1792875, 24.4894906 ], [ 118.1791805, 24.4895212 ], [ 118.1791212, 24.4895272 ], [ 118.1790032, 24.4895418 ], [ 118.1788828, 24.4895578 ], [ 118.1787996, 24.4895798 ], [ 118.1787591, 24.4896126 ], [ 118.1787162, 24.4896566 ], [ 118.1786813, 24.4896981 ], [ 118.1786384, 24.4897151 ], [ 118.1785743, 24.4897384 ], [ 118.178507, 24.4897615 ], [ 118.1784295, 24.4897482 ], [ 118.1783812, 24.4897238 ], [ 118.1783131, 24.4896987 ], [ 118.1782575, 24.4896981 ], [ 118.1782095, 24.4896945 ], [ 118.1781854, 24.4896481 ], [ 118.1781234, 24.4896395 ], [ 118.1780808, 24.4896213 ], [ 118.1780218, 24.4896018 ], [ 118.1779628, 24.4895725 ], [ 118.1779333, 24.4895554 ], [ 118.1778635, 24.489531 ], [ 118.1777989, 24.489515 ], [ 118.1777372, 24.4895345 ], [ 118.1776972, 24.4895603 ], [ 118.1776675, 24.4895882 ], [ 118.1776299, 24.4896151 ], [ 118.1775924, 24.4896395 ], [ 118.1775309, 24.4896652 ], [ 118.1774934, 24.4896823 ], [ 118.1774368, 24.4897005 ], [ 118.1773807, 24.4897067 ], [ 118.1773271, 24.489714 ], [ 118.1772759, 24.4897078 ], [ 118.1772234, 24.4896948 ], [ 118.177201, 24.489736 ], [ 118.1772356, 24.4897542 ], [ 118.1772788, 24.4897726 ], [ 118.177311, 24.4897946 ], [ 118.1773697, 24.4898396 ], [ 118.1773727, 24.4898825 ], [ 118.1773778, 24.4899519 ], [ 118.1773644, 24.4899934 ], [ 118.1773432, 24.4900509 ], [ 118.1773137, 24.4900899 ], [ 118.1772574, 24.4901363 ], [ 118.1771849, 24.4901436 ], [ 118.1771418, 24.4901472 ], [ 118.1770559, 24.4901594 ], [ 118.1769543, 24.4901485 ], [ 118.1769164, 24.4901667 ], [ 118.1768548, 24.4902228 ], [ 118.1768413, 24.4902643 ], [ 118.1768038, 24.4903034 ], [ 118.1767797, 24.4903497 ], [ 118.1767538, 24.4903743 ], [ 118.1766706, 24.490439 ], [ 118.1766241, 24.4904376 ], [ 118.1766107, 24.490445 ], [ 118.1765975, 24.4904512 ], [ 118.1765463, 24.490423 ], [ 118.1765332, 24.4904414 ], [ 118.1765197, 24.4904878 ] ] ] ] } },
{ "type": "Feature", "properties": { "osm_id": "151207808", "code": 8200, "fclass": "water", "name": null }, "geometry": { "type": "MultiPolygon", "coordinates": [ [ [ [ 118.1763079, 24.4904219 ], [ 118.1763425, 24.4904645 ], [ 118.1763988, 24.4904743 ], [ 118.17645, 24.4904512 ], [ 118.1764873, 24.4904108 ], [ 118.1765087, 24.490362 ], [ 118.1765195, 24.4903229 ], [ 118.1765117, 24.4902779 ], [ 118.1764819, 24.4902595 ], [ 118.1764715, 24.490234 ], [ 118.17645, 24.4902047 ], [ 118.1764205, 24.4901998 ], [ 118.1763615, 24.4901973 ], [ 118.1763344, 24.4902668 ], [ 118.1763105, 24.4903072 ], [ 118.1763213, 24.4903755 ], [ 118.1763079, 24.4904219 ] ] ] ] } },
{ "type": "Feature", "properties": { "osm_id": "151207809", "code": 8200, "fclass": "water", "name": null }, "geometry": { "type": "MultiPolygon", "coordinates": [ [ [ [ 118.1801085, 24.4886718 ], [ 118.1801756, 24.4888524 ], [ 118.1802163, 24.4888625 ], [ 118.1805806, 24.4889525 ], [ 118.1806179, 24.4889243 ], [ 118.1806691, 24.4888963 ], [ 118.1807254, 24.4888939 ], [ 118.1807761, 24.4889145 ], [ 118.180814, 24.4889354 ], [ 118.1808459, 24.4889585 ], [ 118.1808649, 24.4889964 ], [ 118.1808703, 24.4890233 ], [ 118.1812726, 24.4891063 ], [ 118.1811868, 24.4887816 ], [ 118.1811573, 24.4887816 ], [ 118.1811168, 24.4887827 ], [ 118.1810688, 24.4887743 ], [ 118.1810044, 24.488745 ], [ 118.1809666, 24.4887559 ], [ 118.1809213, 24.4887596 ], [ 118.1808891, 24.4887499 ], [ 118.1808435, 24.4887133 ], [ 118.1808166, 24.4886522 ], [ 118.1806903, 24.4885215 ], [ 118.1801085, 24.4886718 ] ] ] ] } },
{ "type": "Feature", "properties": { "osm_id": "151307858", "code": 8200, "fclass": "water", "name": null }, "geometry": { "type": "MultiPolygon", "coordinates": [ [ [ [ 118.1743501, 24.4913446 ], [ 118.1743581, 24.4913836 ], [ 118.1743769, 24.4914227 ], [ 118.1744091, 24.4914593 ], [ 118.1744386, 24.4914788 ], [ 118.1744806, 24.4914922 ], [ 118.1745184, 24.491497 ], [ 118.1745452, 24.491497 ], [ 118.1745881, 24.4914897 ], [ 118.1746203, 24.4914799 ], [ 118.1746632, 24.4914579 ], [ 118.1746853, 24.4914373 ], [ 118.1747063, 24.4914132 ], [ 118.1747202, 24.4913861 ], [ 118.1747329, 24.4913481 ], [ 118.1747309, 24.4913104 ], [ 118.1747202, 24.4912738 ], [ 118.1747631, 24.4912323 ], [ 118.1748141, 24.4912176 ], [ 118.1748463, 24.491225 ], [ 118.1748778, 24.491209 ], [ 118.1749187, 24.4911786 ], [ 118.1749804, 24.4911591 ], [ 118.1750038, 24.491165 ], [ 118.1750287, 24.491203 ], [ 118.1750233, 24.4912372 ], [ 118.1750287, 24.4912787 ], [ 118.1750447, 24.4913226 ], [ 118.1750501, 24.4913568 ], [ 118.175085, 24.4913909 ], [ 118.1751465, 24.4914227 ], [ 118.1751868, 24.4914471 ], [ 118.1752351, 24.4914764 ], [ 118.1752538, 24.4914935 ], [ 118.1752807, 24.4915276 ], [ 118.1753236, 24.4915618 ], [ 118.1753638, 24.4915838 ], [ 118.1754169, 24.4915971 ], [ 118.175492, 24.4916093 ], [ 118.1755328, 24.4916033 ], [ 118.1755778, 24.4915946 ], [ 118.1756186, 24.4915862 ], [ 118.1756664, 24.491558 ], [ 118.1756964, 24.4915301 ], [ 118.1757146, 24.4914921 ], [ 118.17575, 24.4914715 ], [ 118.1757795, 24.4914642 ], [ 118.1757871, 24.4914433 ], [ 118.1758064, 24.4914227 ], [ 118.1758407, 24.491406 ], [ 118.1758949, 24.4914105 ], [ 118.1759485, 24.4914251 ], [ 118.1760156, 24.4914227 ], [ 118.1760156, 24.4913934 ], [ 118.1760183, 24.4913739 ], [ 118.1759083, 24.4913519 ], [ 118.1758734, 24.4913739 ], [ 118.1758356, 24.4913958 ], [ 118.175801, 24.4914007 ], [ 118.1757715, 24.491408 ], [ 118.1757581, 24.4914349 ], [ 118.1757259, 24.4914593 ], [ 118.1756937, 24.4914813 ], [ 118.1756723, 24.4915252 ], [ 118.175632, 24.4915594 ], [ 118.1755998, 24.4915642 ], [ 118.1755462, 24.4915764 ], [ 118.1754979, 24.4915813 ], [ 118.1754443, 24.4915691 ], [ 118.1754282, 24.4915545 ], [ 118.1753987, 24.4915423 ], [ 118.1753584, 24.491535 ], [ 118.1753343, 24.491513 ], [ 118.1753128, 24.4914813 ], [ 118.1752807, 24.4914568 ], [ 118.1752431, 24.4914373 ], [ 118.1752216, 24.4914154 ], [ 118.1751728, 24.4913847 ], [ 118.1751412, 24.4913617 ], [ 118.1751145, 24.4913397 ], [ 118.1750903, 24.4913006 ], [ 118.1750843, 24.491248 ], [ 118.1750736, 24.4912065 ], [ 118.1750635, 24.4911664 ], [ 118.1750608, 24.4911273 ], [ 118.1750528, 24.4911005 ], [ 118.1750045, 24.4911127 ], [ 118.1749804, 24.4911346 ], [ 118.1749428, 24.4911493 ], [ 118.1748838, 24.4911761 ], [ 118.1748355, 24.4911981 ], [ 118.1748034, 24.4911835 ], [ 118.1747604, 24.4912006 ], [ 118.174739, 24.4912128 ], [ 118.1747014, 24.4912347 ], [ 118.1746746, 24.4912079 ], [ 118.1746505, 24.4911883 ], [ 118.1746156, 24.4911737 ], [ 118.17457, 24.4911615 ], [ 118.1745376, 24.4911567 ], [ 118.1744869, 24.4911664 ], [ 118.174452, 24.4911786 ], [ 118.1744171, 24.4911981 ], [ 118.1743876, 24.4912298 ], [ 118.1743635, 24.4912665 ], [ 118.1743522, 24.4912985 ], [ 118.1743501, 24.4913446 ] ] ] ] } },
{ "type": "Feature", "properties": { "osm_id": "151309674", "code": 8200, "fclass": "water", "name": null }, "geometry": { "type": "MultiPolygon", "coordinates": [ [ [ [ 118.1772199, 24.4943198 ], [ 118.1772333, 24.4943589 ], [ 118.1772569, 24.4943503 ], [ 118.1772837, 24.4943528 ], [ 118.1773004, 24.4943662 ], [ 118.1773325, 24.4943809 ], [ 118.1773647, 24.4943955 ], [ 118.177413, 24.4944272 ], [ 118.1774581, 24.4944162 ], [ 118.177501, 24.4944114 ], [ 118.1775493, 24.4943845 ], [ 118.1775693, 24.494333 ], [ 118.1775895, 24.4943064 ], [ 118.1776034, 24.4942905 ], [ 118.1775927, 24.4942539 ], [ 118.1776083, 24.4942283 ], [ 118.1776324, 24.4942234 ], [ 118.1776169, 24.4941954 ], [ 118.1776249, 24.4941685 ], [ 118.1776378, 24.4941478 ], [ 118.1776329, 24.4941099 ], [ 118.1776303, 24.4940831 ], [ 118.1775981, 24.494066 ], [ 118.1775525, 24.4940635 ], [ 118.1775493, 24.4940501 ], [ 118.1775498, 24.4940245 ], [ 118.1775149, 24.4940123 ], [ 118.1774962, 24.4940001 ], [ 118.1774747, 24.4940172 ], [ 118.1774425, 24.4940294 ], [ 118.1774184, 24.4940416 ], [ 118.1774023, 24.4940684 ], [ 118.1773808, 24.4940855 ], [ 118.1773701, 24.494105 ], [ 118.1773674, 24.4941343 ], [ 118.1773325, 24.4941319 ], [ 118.1773004, 24.4941465 ], [ 118.1772735, 24.4941685 ], [ 118.1772864, 24.4941917 ], [ 118.1772735, 24.4942222 ], [ 118.1772655, 24.4942417 ], [ 118.1772762, 24.4942637 ], [ 118.1772574, 24.4942905 ], [ 118.1772226, 24.4943003 ], [ 118.1772199, 24.4943198 ] ] ] ] } },
{ "type": "Feature", "properties": { "osm_id": "151311491", "code": 8201, "fclass": "reservoir", "name": null }, "geometry": { "type": "MultiPolygon", "coordinates": [ [ [ [ 118.1760065, 24.4852725 ], [ 118.1761764, 24.4856861 ], [ 118.176491, 24.4855791 ], [ 118.1765089, 24.4856228 ], [ 118.176932, 24.4854788 ], [ 118.1769088, 24.4854224 ], [ 118.1771169, 24.4853516 ], [ 118.1769523, 24.4849508 ], [ 118.1760065, 24.4852725 ] ] ] ] } },
{ "type": "Feature", "properties": { "osm_id": "151438237", "code": 8200, "fclass": "water", "name": null }, "geometry": { "type": "MultiPolygon", "coordinates": [ [ [ [ 118.187478, 24.4715743 ], [ 118.1876406, 24.4715239 ], [ 118.1876938, 24.4715451 ], [ 118.1877582, 24.471594 ], [ 118.1878333, 24.4716379 ], [ 118.1879084, 24.4717063 ], [ 118.1880103, 24.4717453 ], [ 118.1881176, 24.4717844 ], [ 118.1882517, 24.4718234 ], [ 118.1883858, 24.4718332 ], [ 118.188502, 24.4718288 ], [ 118.1885897, 24.4718088 ], [ 118.1886379, 24.4717502 ], [ 118.1887077, 24.471716 ], [ 118.1887935, 24.4717111 ], [ 118.1888632, 24.4717258 ], [ 118.1889089, 24.4717667 ], [ 118.1889377, 24.471815 ], [ 118.1889541, 24.4718846 ], [ 118.1889629, 24.4719463 ], [ 118.188944, 24.4720598 ], [ 118.1888896, 24.4721251 ], [ 118.188799, 24.4721644 ], [ 118.1887091, 24.4721552 ], [ 118.1886379, 24.4720822 ], [ 118.1886146, 24.4720131 ], [ 118.1885932, 24.4719106 ], [ 118.1884778, 24.4719073 ], [ 118.1883536, 24.4718918 ], [ 118.1882015, 24.4718764 ], [ 118.1880908, 24.4718625 ], [ 118.1879406, 24.4718479 ], [ 118.1878547, 24.4718527 ], [ 118.1878118, 24.4718771 ], [ 118.1877689, 24.4719357 ], [ 118.1876241, 24.4722482 ], [ 118.1880532, 24.4743477 ], [ 118.187667, 24.4745576 ], [ 118.1877796, 24.4747139 ], [ 118.1876187, 24.4748115 ], [ 118.188536, 24.4762323 ], [ 118.1900273, 24.4789078 ], [ 118.1900702, 24.4789517 ], [ 118.19014, 24.4789517 ], [ 118.1908945, 24.4786287 ], [ 118.1909178, 24.4784439 ], [ 118.1909339, 24.4780924 ], [ 118.1908964, 24.4777507 ], [ 118.1908247, 24.477374 ], [ 118.1907228, 24.4770322 ], [ 118.1906692, 24.4768174 ], [ 118.1905673, 24.4766172 ], [ 118.1904224, 24.4764561 ], [ 118.1902365, 24.4763055 ], [ 118.1901346, 24.4762079 ], [ 118.1900362, 24.4760607 ], [ 118.1900059, 24.4759442 ], [ 118.1900005, 24.4757684 ], [ 118.1900488, 24.4755243 ], [ 118.1901757, 24.4753429 ], [ 118.1896446, 24.4741028 ], [ 118.1894748, 24.4733712 ], [ 118.1894139, 24.4731117 ], [ 118.1894051, 24.4729074 ], [ 118.1894051, 24.4726388 ], [ 118.1894426, 24.4725216 ], [ 118.1894802, 24.4723947 ], [ 118.189566, 24.4721945 ], [ 118.1896572, 24.4720578 ], [ 118.1897376, 24.4718869 ], [ 118.1899308, 24.4717063 ], [ 118.1904331, 24.4714614 ], [ 118.1907765, 24.4712905 ], [ 118.190696, 24.4711929 ], [ 118.1905887, 24.4710122 ], [ 118.1904439, 24.470856 ], [ 118.1902795, 24.4707542 ], [ 118.1900381, 24.4706712 ], [ 118.1897484, 24.4706175 ], [ 118.1894319, 24.4706516 ], [ 118.1892549, 24.4707298 ], [ 118.1890456, 24.4708323 ], [ 118.1887238, 24.4710227 ], [ 118.188684, 24.4710625 ], [ 118.1886407, 24.4710959 ], [ 118.1885767, 24.4711284 ], [ 118.1885226, 24.4711129 ], [ 118.1884663, 24.4711227 ], [ 118.1883858, 24.4711081 ], [ 118.188351, 24.4710714 ], [ 118.1883483, 24.4710202 ], [ 118.1883809, 24.47096 ], [ 118.1884345, 24.470938 ], [ 118.1883135, 24.4708566 ], [ 118.1880292, 24.4711788 ], [ 118.1877194, 24.471429 ], [ 118.187478, 24.4715743 ] ] ] ] } },
{ "type": "Feature", "properties": { "osm_id": "151438271", "code": 8200, "fclass": "water", "name": null }, "geometry": { "type": "MultiPolygon", "coordinates": [ [ [ [ 118.190006, 24.4730024 ], [ 118.1900308, 24.4732167 ], [ 118.190057, 24.4734297 ], [ 118.190122, 24.4736488 ], [ 118.1901884, 24.4738202 ], [ 118.1902662, 24.4739985 ], [ 118.1903098, 24.4741126 ], [ 118.1903761, 24.4740815 ], [ 118.1904647, 24.4740644 ], [ 118.1905344, 24.4740473 ], [ 118.1906122, 24.473996 ], [ 118.190698, 24.4739374 ], [ 118.1907141, 24.4738837 ], [ 118.1906504, 24.4737757 ], [ 118.1905934, 24.473664 ], [ 118.1905639, 24.4735615 ], [ 118.1904948, 24.4733119 ], [ 118.1904647, 24.4731831 ], [ 118.1904432, 24.4730195 ], [ 118.1904325, 24.472895 ], [ 118.1904566, 24.4728218 ], [ 118.1904888, 24.4727632 ], [ 118.1905324, 24.4727284 ], [ 118.1906122, 24.4726973 ], [ 118.1906766, 24.4726973 ], [ 118.1907336, 24.4727138 ], [ 118.1907818, 24.4727431 ], [ 118.1908408, 24.4727919 ], [ 118.1908804, 24.4728706 ], [ 118.1909106, 24.4729481 ], [ 118.1909642, 24.4731214 ], [ 118.1910306, 24.4732856 ], [ 118.191095, 24.4734516 ], [ 118.1911835, 24.4736274 ], [ 118.1912861, 24.4738343 ], [ 118.191388, 24.4740003 ], [ 118.1914953, 24.4741638 ], [ 118.1915724, 24.4743329 ], [ 118.1915919, 24.4744421 ], [ 118.1915758, 24.4745593 ], [ 118.1915168, 24.474635 ], [ 118.1914282, 24.4746692 ], [ 118.1913639, 24.4746594 ], [ 118.1912801, 24.4746503 ], [ 118.1912103, 24.4745868 ], [ 118.191154, 24.4745331 ], [ 118.1911117, 24.4744617 ], [ 118.1910038, 24.4743231 ], [ 118.1909636, 24.4742523 ], [ 118.1909287, 24.4742182 ], [ 118.1908697, 24.474206 ], [ 118.1907765, 24.4742273 ], [ 118.1906578, 24.4742694 ], [ 118.1905424, 24.4743158 ], [ 118.1904915, 24.4743646 ], [ 118.1904922, 24.4744739 ], [ 118.1905673, 24.4745959 ], [ 118.1908885, 24.4750457 ], [ 118.1910152, 24.4751721 ], [ 118.1911728, 24.4754241 ], [ 118.1912566, 24.4756066 ], [ 118.1913746, 24.4758824 ], [ 118.1914195, 24.4760198 ], [ 118.1914604, 24.4760899 ], [ 118.1915644, 24.4760979 ], [ 118.1916556, 24.4760784 ], [ 118.1917173, 24.4760369 ], [ 118.1917414, 24.4759978 ], [ 118.1916911, 24.4758434 ], [ 118.1916562, 24.4757164 ], [ 118.1916053, 24.4755895 ], [ 118.1915275, 24.4754357 ], [ 118.1914866, 24.4753167 ], [ 118.1914437, 24.4752069 ], [ 118.1914303, 24.475119 ], [ 118.1914497, 24.4750476 ], [ 118.1915107, 24.474992 ], [ 118.1915731, 24.474967 ], [ 118.1916824, 24.4749603 ], [ 118.1917561, 24.4749774 ], [ 118.1918514, 24.4750531 ], [ 118.1919003, 24.4751306 ], [ 118.1919593, 24.4752258 ], [ 118.1920827, 24.4754992 ], [ 118.1921357, 24.475678 ], [ 118.1921893, 24.4759539 ], [ 118.1922141, 24.476151 ], [ 118.1922168, 24.4763316 ], [ 118.1921732, 24.4763859 ], [ 118.1921149, 24.4764464 ], [ 118.1920633, 24.4764519 ], [ 118.1919694, 24.4764421 ], [ 118.1918889, 24.4764152 ], [ 118.1918386, 24.476378 ], [ 118.1917682, 24.4763396 ], [ 118.1916717, 24.4763396 ], [ 118.1916073, 24.4763444 ], [ 118.1915302, 24.476356 ], [ 118.1915007, 24.4764122 ], [ 118.1915194, 24.476483 ], [ 118.1915677, 24.4768662 ], [ 118.1915731, 24.4770444 ], [ 118.1915617, 24.4772989 ], [ 118.1915795, 24.4773814 ], [ 118.1916502, 24.4773941 ], [ 118.1917655, 24.4773917 ], [ 118.1918701, 24.477399 ], [ 118.1919023, 24.4773746 ], [ 118.191905, 24.477277 ], [ 118.1919184, 24.47715 ], [ 118.1919318, 24.4770206 ], [ 118.1919647, 24.4769224 ], [ 118.1920069, 24.4768693 ], [ 118.192072, 24.4768443 ], [ 118.1921464, 24.4768156 ], [ 118.1922403, 24.4768327 ], [ 118.19231, 24.4768766 ], [ 118.1923637, 24.4769254 ], [ 118.1923965, 24.4770005 ], [ 118.1924012, 24.4770768 ], [ 118.1924039, 24.477399 ], [ 118.1923724, 24.4775131 ], [ 118.1923456, 24.4777109 ], [ 118.1923643, 24.4778671 ], [ 118.1923777, 24.4779672 ], [ 118.192426, 24.4780795 ], [ 118.1924609, 24.4781845 ], [ 118.1924904, 24.4782528 ], [ 118.1925119, 24.478431 ], [ 118.1924978, 24.4784878 ], [ 118.1924287, 24.4785799 ], [ 118.1923858, 24.4786092 ], [ 118.1923342, 24.4786171 ], [ 118.1922651, 24.4786165 ], [ 118.1921786, 24.4785781 ], [ 118.1921149, 24.478536 ], [ 118.192082, 24.4784756 ], [ 118.1920478, 24.478409 ], [ 118.1919721, 24.4782778 ], [ 118.1919533, 24.4781948 ], [ 118.1919211, 24.4781021 ], [ 118.1918923, 24.477933 ], [ 118.1918809, 24.477858 ], [ 118.191854, 24.4778189 ], [ 118.1917789, 24.4778189 ], [ 118.1916877, 24.4778702 ], [ 118.1915168, 24.4778818 ], [ 118.1914282, 24.4784847 ], [ 118.1914866, 24.4785219 ], [ 118.1915375, 24.4785341 ], [ 118.1915778, 24.478622 ], [ 118.191675, 24.4786727 ], [ 118.1918111, 24.4787221 ], [ 118.1919372, 24.4787465 ], [ 118.1920525, 24.4788149 ], [ 118.1921598, 24.4788783 ], [ 118.1922644, 24.4790004 ], [ 118.1924073, 24.4791096 ], [ 118.1925896, 24.4792195 ], [ 118.1927103, 24.4792659 ], [ 118.1928438, 24.4793397 ], [ 118.1929511, 24.4794007 ], [ 118.1930376, 24.4794636 ], [ 118.1931093, 24.4794544 ], [ 118.1931925, 24.479452 ], [ 118.1932548, 24.4793928 ], [ 118.1932863, 24.4793177 ], [ 118.19334, 24.4792518 ], [ 118.1934077, 24.4791975 ], [ 118.1934741, 24.4792006 ], [ 118.1935284, 24.4792244 ], [ 118.1936055, 24.4791493 ], [ 118.1938442, 24.4788271 ], [ 118.1938147, 24.4788051 ], [ 118.1937296, 24.4787557 ], [ 118.1936786, 24.4787313 ], [ 118.1936109, 24.478705 ], [ 118.1935412, 24.4786953 ], [ 118.193515, 24.478741 ], [ 118.19345, 24.4787709 ], [ 118.1932837, 24.4788027 ], [ 118.1932032, 24.4787831 ], [ 118.1931576, 24.478727 ], [ 118.1931281, 24.4786464 ], [ 118.1931361, 24.4784731 ], [ 118.1931093, 24.478373 ], [ 118.1930751, 24.4782967 ], [ 118.1930396, 24.4781851 ], [ 118.1930449, 24.4780947 ], [ 118.1930557, 24.4780288 ], [ 118.1931254, 24.4779605 ], [ 118.1931603, 24.4779117 ], [ 118.1932434, 24.4778628 ], [ 118.1933051, 24.477775 ], [ 118.1933159, 24.4777115 ], [ 118.1933319, 24.4776358 ], [ 118.1933487, 24.4775839 ], [ 118.1934044, 24.4775211 ], [ 118.1934694, 24.4774961 ], [ 118.1935385, 24.4774723 ], [ 118.1936189, 24.4774698 ], [ 118.193694, 24.4774796 ], [ 118.1937457, 24.4775058 ], [ 118.1938228, 24.4775528 ], [ 118.1938422, 24.4775815 ], [ 118.1938952, 24.4775455 ], [ 118.1939569, 24.4775089 ], [ 118.1940354, 24.4774668 ], [ 118.1940722, 24.4774112 ], [ 118.1940347, 24.4773648 ], [ 118.1939737, 24.4773423 ], [ 118.1939113, 24.4773111 ], [ 118.1938711, 24.477255 ], [ 118.1938664, 24.4772129 ], [ 118.1938657, 24.4771573 ], [ 118.1938201, 24.4770524 ], [ 118.1937611, 24.4770011 ], [ 118.1937242, 24.4769736 ], [ 118.1935787, 24.4769767 ], [ 118.1934801, 24.4769834 ], [ 118.1933889, 24.4770151 ], [ 118.1933621, 24.4770908 ], [ 118.1933212, 24.4771476 ], [ 118.1932112, 24.4771842 ], [ 118.1931281, 24.4771842 ], [ 118.1929457, 24.4771085 ], [ 118.1929001, 24.4770597 ], [ 118.1928787, 24.4770036 ], [ 118.1928411, 24.4769376 ], [ 118.1928273, 24.4768903 ], [ 118.1927881, 24.4767516 ], [ 118.1927633, 24.4766886 ], [ 118.1926963, 24.4764641 ], [ 118.1926453, 24.4761858 ], [ 118.1926319, 24.4761101 ], [ 118.1926614, 24.4760369 ], [ 118.1927097, 24.475988 ], [ 118.192758, 24.4759709 ], [ 118.1928491, 24.4759685 ], [ 118.1929135, 24.4759807 ], [ 118.1929698, 24.4760222 ], [ 118.1930295, 24.4761046 ], [ 118.1932092, 24.4764537 ], [ 118.1932656, 24.4764732 ], [ 118.1932944, 24.4764787 ], [ 118.1933588, 24.4764396 ], [ 118.1934319, 24.4764073 ], [ 118.1934741, 24.4763371 ], [ 118.1934479, 24.4762999 ], [ 118.1932656, 24.4760069 ], [ 118.1932119, 24.4759288 ], [ 118.1931234, 24.4757824 ], [ 118.1929645, 24.4754851 ], [ 118.1929055, 24.4753582 ], [ 118.1928384, 24.4752264 ], [ 118.192707, 24.4749603 ], [ 118.1926024, 24.4747235 ], [ 118.1925065, 24.4745227 ], [ 118.1923241, 24.4741126 ], [ 118.1922161, 24.4739203 ], [ 118.1921008, 24.4737372 ], [ 118.1919962, 24.4735542 ], [ 118.1918755, 24.4733735 ], [ 118.1917441, 24.4731977 ], [ 118.1916187, 24.4730262 ], [ 118.1914785, 24.4728584 ], [ 118.1913283, 24.4726826 ], [ 118.1911728, 24.4725215 ], [ 118.1910781, 24.4724171 ], [ 118.1910413, 24.4723677 ], [ 118.1909501, 24.4722872 ], [ 118.1907327, 24.4719891 ], [ 118.1906077, 24.472121 ], [ 118.1905814, 24.472149 ], [ 118.1905524, 24.4721591 ], [ 118.1904989, 24.4721121 ], [ 118.1904163, 24.4719933 ], [ 118.1903596, 24.4720179 ], [ 118.1904154, 24.4721176 ], [ 118.1903348, 24.4721766 ], [ 118.1902544, 24.4722499 ], [ 118.1901752, 24.4723149 ], [ 118.1901288, 24.4723765 ], [ 118.190063, 24.4725063 ], [ 118.1900281, 24.4726942 ], [ 118.190006, 24.4730024 ] ] ] ] } },
{ "type": "Feature", "properties": { "osm_id": "151438295", "code": 8200, "fclass": "water", "name": null }, "geometry": { "type": "MultiPolygon", "coordinates": [ [ [ [ 118.1937504, 24.4784536 ], [ 118.1938235, 24.4785018 ], [ 118.1938925, 24.4785586 ], [ 118.1939173, 24.4785848 ], [ 118.193971, 24.4785994 ], [ 118.194024, 24.4785488 ], [ 118.1940863, 24.4784505 ], [ 118.1941286, 24.4783706 ], [ 118.1942063, 24.4783462 ], [ 118.1942895, 24.4783437 ], [ 118.1943726, 24.4783535 ], [ 118.1944638, 24.4783779 ], [ 118.1945148, 24.4783926 ], [ 118.1944799, 24.4783511 ], [ 118.1944799, 24.4782974 ], [ 118.1944746, 24.4782437 ], [ 118.1944719, 24.4781753 ], [ 118.1944075, 24.4780874 ], [ 118.1943592, 24.4779873 ], [ 118.1943109, 24.4779117 ], [ 118.1942821, 24.4778818 ], [ 118.1942171, 24.4779117 ], [ 118.1941554, 24.4779092 ], [ 118.1940964, 24.4778872 ], [ 118.1940649, 24.4778818 ], [ 118.1940293, 24.4778995 ], [ 118.1939978, 24.4779525 ], [ 118.1939381, 24.4780044 ], [ 118.1938744, 24.4780502 ], [ 118.193751, 24.4783968 ], [ 118.1937504, 24.4784536 ] ] ] ] } },
{ "type": "Feature", "properties": { "osm_id": "151438310", "code": 8200, "fclass": "water", "name": null }, "geometry": { "type": "MultiPolygon", "coordinates": [ [ [ [ 118.1943492, 24.4789168 ], [ 118.1943619, 24.4789638 ], [ 118.1943807, 24.4789613 ], [ 118.1944236, 24.478932 ], [ 118.1944531, 24.4788954 ], [ 118.1945309, 24.478871 ], [ 118.1945792, 24.4788686 ], [ 118.1946442, 24.4788899 ], [ 118.194673, 24.4789272 ], [ 118.1947166, 24.4789583 ], [ 118.1947515, 24.4789729 ], [ 118.1947696, 24.4789198 ], [ 118.1947515, 24.4788484 ], [ 118.1947508, 24.4787929 ], [ 118.1947186, 24.4787221 ], [ 118.194716, 24.4786757 ], [ 118.1946818, 24.4785921 ], [ 118.194665, 24.4785293 ], [ 118.1946335, 24.4785018 ], [ 118.1945825, 24.4785164 ], [ 118.1945396, 24.4785311 ], [ 118.1944726, 24.4785702 ], [ 118.1944692, 24.4786293 ], [ 118.1944806, 24.4786922 ], [ 118.194486, 24.4787239 ], [ 118.1944772, 24.4787685 ], [ 118.1944558, 24.4788002 ], [ 118.1944424, 24.4788442 ], [ 118.1944243, 24.4788729 ], [ 118.1943492, 24.4789168 ] ] ] ] } },
{ "type": "Feature", "properties": { "osm_id": "151577092", "code": 8200, "fclass": "water", "name": null }, "geometry": { "type": "MultiPolygon", "coordinates": [ [ [ [ 118.1918165, 24.4797986 ], [ 118.1918487, 24.4798474 ], [ 118.1918862, 24.479906 ], [ 118.1919238, 24.479989 ], [ 118.191956, 24.4800524 ], [ 118.1919828, 24.4801135 ], [ 118.1920257, 24.4801696 ], [ 118.1920954, 24.480299 ], [ 118.192133, 24.4803991 ], [ 118.1921974, 24.4804967 ], [ 118.1923592, 24.4806298 ], [ 118.1923637, 24.4806896 ], [ 118.1924317, 24.4807372 ], [ 118.1924602, 24.4808458 ], [ 118.1925094, 24.4809325 ], [ 118.1925926, 24.4810081 ], [ 118.1928009, 24.4810191 ], [ 118.1930101, 24.4809898 ], [ 118.1931308, 24.4809971 ], [ 118.1934509, 24.4809593 ], [ 118.1936145, 24.4809422 ], [ 118.193737, 24.480941 ], [ 118.1939462, 24.4809166 ], [ 118.1941161, 24.4809105 ], [ 118.1941644, 24.4809373 ], [ 118.1942975, 24.4809825 ], [ 118.1945738, 24.4809703 ], [ 118.1947589, 24.4808946 ], [ 118.1948796, 24.4808067 ], [ 118.195011, 24.4807945 ], [ 118.1950405, 24.4807726 ], [ 118.1951541, 24.4806932 ], [ 118.19518, 24.4805748 ], [ 118.1952685, 24.4805163 ], [ 118.1952578, 24.4804674 ], [ 118.1951917, 24.4804686 ], [ 118.1952283, 24.4803844 ], [ 118.1952882, 24.480349 ], [ 118.1953114, 24.4803014 ], [ 118.19529, 24.4801965 ], [ 118.1952131, 24.4801269 ], [ 118.1951317, 24.4800451 ], [ 118.1950754, 24.4799304 ], [ 118.1950191, 24.4798864 ], [ 118.1949493, 24.4797644 ], [ 118.1949761, 24.4796594 ], [ 118.1948662, 24.4796327 ], [ 118.1946945, 24.4796156 ], [ 118.1944746, 24.4795473 ], [ 118.1943539, 24.4795399 ], [ 118.1942654, 24.4795204 ], [ 118.1941688, 24.4796156 ], [ 118.1941, 24.4796851 ], [ 118.1940293, 24.4798425 ], [ 118.1939632, 24.4798877 ], [ 118.193872, 24.4799878 ], [ 118.1938389, 24.480028 ], [ 118.1937933, 24.480028 ], [ 118.1937396, 24.4800232 ], [ 118.1936377, 24.48005 ], [ 118.1935501, 24.4800195 ], [ 118.1934956, 24.4800061 ], [ 118.1933829, 24.4800573 ], [ 118.193281, 24.4800842 ], [ 118.1932542, 24.4801013 ], [ 118.1931683, 24.4801476 ], [ 118.193104, 24.4801794 ], [ 118.1930423, 24.4801843 ], [ 118.1929601, 24.4801733 ], [ 118.1929457, 24.4801574 ], [ 118.1929028, 24.4801184 ], [ 118.1928491, 24.4800988 ], [ 118.1928277, 24.4801208 ], [ 118.1927419, 24.4801599 ], [ 118.1926748, 24.4801721 ], [ 118.1926292, 24.4801647 ], [ 118.1925675, 24.4801306 ], [ 118.1924656, 24.4799621 ], [ 118.1923959, 24.479945 ], [ 118.1923002, 24.4799145 ], [ 118.192184, 24.4798401 ], [ 118.1920901, 24.479801 ], [ 118.1920311, 24.4797668 ], [ 118.1919345, 24.4797302 ], [ 118.1918648, 24.4797449 ], [ 118.1918406, 24.4797717 ], [ 118.1918165, 24.4797986 ] ] ] ] } },
{ "type": "Feature", "properties": { "osm_id": "151577095", "code": 8200, "fclass": "water", "name": null }, "geometry": { "type": "MultiPolygon", "coordinates": [ [ [ [ 118.1904459, 24.4802892 ], [ 118.1904576, 24.4804101 ], [ 118.1907678, 24.4810728 ], [ 118.1908375, 24.4810679 ], [ 118.1909045, 24.4811143 ], [ 118.190943, 24.4811668 ], [ 118.1909716, 24.4812168 ], [ 118.1910145, 24.4812559 ], [ 118.1910413, 24.4812339 ], [ 118.1910816, 24.4811949 ], [ 118.1911406, 24.4812168 ], [ 118.1911835, 24.481229 ], [ 118.1912237, 24.4812339 ], [ 118.1912532, 24.4812364 ], [ 118.1913042, 24.4812535 ], [ 118.1913373, 24.4812986 ], [ 118.191382, 24.481273 ], [ 118.191382, 24.4812217 ], [ 118.1914276, 24.4811924 ], [ 118.1914732, 24.4812193 ], [ 118.1915036, 24.4812351 ], [ 118.1915483, 24.4812583 ], [ 118.1915858, 24.4812803 ], [ 118.1916109, 24.4813474 ], [ 118.1915831, 24.4813902 ], [ 118.1915707, 24.4814304 ], [ 118.1916055, 24.4814524 ], [ 118.1916395, 24.4814292 ], [ 118.1916931, 24.4814194 ], [ 118.1917924, 24.481417 ], [ 118.191897, 24.4813975 ], [ 118.1919882, 24.4813828 ], [ 118.1920928, 24.4813657 ], [ 118.1921786, 24.4813291 ], [ 118.1921893, 24.4812413 ], [ 118.1921062, 24.4810313 ], [ 118.1920686, 24.480963 ], [ 118.1920123, 24.4808971 ], [ 118.1920096, 24.4808385 ], [ 118.1919989, 24.4807628 ], [ 118.1919506, 24.4806774 ], [ 118.1919435, 24.4806176 ], [ 118.1918952, 24.4805907 ], [ 118.1918165, 24.4805407 ], [ 118.1917906, 24.4805053 ], [ 118.1917718, 24.4804564 ], [ 118.1917924, 24.4803844 ], [ 118.191804, 24.4803539 ], [ 118.1917021, 24.4800756 ], [ 118.1916019, 24.4799475 ], [ 118.1915724, 24.4799133 ], [ 118.1915, 24.4799084 ], [ 118.1914249, 24.4798987 ], [ 118.1914088, 24.4798376 ], [ 118.1914276, 24.4797839 ], [ 118.1914276, 24.4796376 ], [ 118.1914142, 24.4795814 ], [ 118.1913749, 24.4794898 ], [ 118.1913293, 24.4793994 ], [ 118.1911513, 24.4794228 ], [ 118.1910548, 24.4794276 ], [ 118.1909645, 24.4794702 ], [ 118.1908965, 24.4795155 ], [ 118.1908563, 24.4795839 ], [ 118.1908536, 24.4796351 ], [ 118.1908384, 24.4796924 ], [ 118.190808, 24.4797424 ], [ 118.1907624, 24.479779 ], [ 118.1907114, 24.4797912 ], [ 118.1906551, 24.4798059 ], [ 118.1906229, 24.4798181 ], [ 118.1906373, 24.4798779 ], [ 118.1906685, 24.4799499 ], [ 118.1906963, 24.4800073 ], [ 118.1906873, 24.4801037 ], [ 118.1905961, 24.4801281 ], [ 118.1904566, 24.4802013 ], [ 118.1904459, 24.4802892 ] ] ] ] } },
{ "type": "Feature", "properties": { "osm_id": "151577103", "code": 8200, "fclass": "water", "name": null }, "geometry": { "type": "MultiPolygon", "coordinates": [ [ [ [ 118.1949359, 24.4792836 ], [ 118.1949493, 24.4793056 ], [ 118.1949681, 24.4793251 ], [ 118.1949976, 24.4793178 ], [ 118.1950415, 24.4793384 ], [ 118.1950834, 24.4793617 ], [ 118.1950888, 24.4793935 ], [ 118.1950888, 24.4794252 ], [ 118.1951263, 24.4794447 ], [ 118.1951371, 24.4794838 ], [ 118.1951827, 24.479496 ], [ 118.1952399, 24.4794678 ], [ 118.1952014, 24.4794203 ], [ 118.1951675, 24.4793824 ], [ 118.1951514, 24.4793555 ], [ 118.1951076, 24.4793129 ], [ 118.1950942, 24.4792861 ], [ 118.1950647, 24.4792739 ], [ 118.1950056, 24.4792641 ], [ 118.194961, 24.4792579 ], [ 118.1949359, 24.4792836 ] ] ] ] } },
{ "type": "Feature", "properties": { "osm_id": "151577119", "code": 8200, "fclass": "water", "name": null }, "geometry": { "type": "MultiPolygon", "coordinates": [ [ [ [ 118.1889314, 24.4812034 ], [ 118.1889331, 24.4812437 ], [ 118.1889331, 24.4813023 ], [ 118.1889528, 24.4813303 ], [ 118.1890002, 24.4813535 ], [ 118.1890109, 24.4813902 ], [ 118.1890243, 24.4814268 ], [ 118.1890333, 24.48145 ], [ 118.1890387, 24.4814841 ], [ 118.1890387, 24.4815183 ], [ 118.1890735, 24.481594 ], [ 118.1890914, 24.4816123 ], [ 118.1891048, 24.4816391 ], [ 118.1891262, 24.4817002 ], [ 118.1891343, 24.4817417 ], [ 118.1891647, 24.48176 ], [ 118.1891584, 24.4818027 ], [ 118.1891692, 24.4818418 ], [ 118.1891916, 24.4818332 ], [ 118.189213, 24.4818112 ], [ 118.1892443, 24.4817905 ], [ 118.1892925, 24.4817832 ], [ 118.1893498, 24.4817697 ], [ 118.1893498, 24.4817404 ], [ 118.1893739, 24.4817307 ], [ 118.1894195, 24.4817404 ], [ 118.1894276, 24.4817112 ], [ 118.1894669, 24.4817124 ], [ 118.1894964, 24.4817124 ], [ 118.1895366, 24.4816782 ], [ 118.1895903, 24.4816684 ], [ 118.1896225, 24.481666 ], [ 118.1896448, 24.4816428 ], [ 118.1897029, 24.4816343 ], [ 118.189711, 24.4816172 ], [ 118.1896841, 24.4815928 ], [ 118.1896922, 24.4815561 ], [ 118.1897083, 24.4815561 ], [ 118.1896878, 24.4815208 ], [ 118.18966, 24.4815 ], [ 118.1896583, 24.4814793 ], [ 118.1896583, 24.4814378 ], [ 118.1896931, 24.4814426 ], [ 118.1896895, 24.4814072 ], [ 118.1897012, 24.4813596 ], [ 118.1897012, 24.4813303 ], [ 118.1896734, 24.4813072 ], [ 118.189652, 24.4812754 ], [ 118.1896261, 24.48124 ], [ 118.1896198, 24.4812217 ], [ 118.1896127, 24.4811814 ], [ 118.1895885, 24.4811497 ], [ 118.1896037, 24.4811168 ], [ 118.1896064, 24.4810777 ], [ 118.1895751, 24.481096 ], [ 118.1895322, 24.4810887 ], [ 118.1894937, 24.4810899 ], [ 118.1895125, 24.4811265 ], [ 118.1895161, 24.4811595 ], [ 118.1894651, 24.4811448 ], [ 118.1894562, 24.4811094 ], [ 118.1894535, 24.4810728 ], [ 118.1894374, 24.4810362 ], [ 118.1894293, 24.4810191 ], [ 118.1894732, 24.481035 ], [ 118.1894749, 24.4810606 ], [ 118.1895071, 24.4810533 ], [ 118.1895178, 24.4810093 ], [ 118.1895027, 24.4809788 ], [ 118.1894642, 24.4809679 ], [ 118.1894293, 24.4809483 ], [ 118.1894195, 24.480908 ], [ 118.1894106, 24.4808702 ], [ 118.1893632, 24.4808763 ], [ 118.1893283, 24.4808763 ], [ 118.1892791, 24.4808946 ], [ 118.1892764, 24.4809337 ], [ 118.1892667, 24.4809569 ], [ 118.1892308, 24.4809727 ], [ 118.1891942, 24.4809764 ], [ 118.1891236, 24.4809825 ], [ 118.1890565, 24.4810167 ], [ 118.1890002, 24.481046 ], [ 118.1889653, 24.4810753 ], [ 118.1889475, 24.4811448 ], [ 118.1889314, 24.4812034 ] ] ] ] } },
{ "type": "Feature", "properties": { "osm_id": "152153499", "code": 8200, "fclass": "water", "name": null }, "geometry": { "type": "MultiPolygon", "coordinates": [ [ [ [ 118.1748006, 24.4858816 ], [ 118.174806, 24.4859036 ], [ 118.1748284, 24.4859137 ], [ 118.174865, 24.4859183 ], [ 118.1748918, 24.4859109 ], [ 118.1749276, 24.4858991 ], [ 118.1749589, 24.4858743 ], [ 118.1749642, 24.4858475 ], [ 118.1749481, 24.4858255 ], [ 118.1749213, 24.4858133 ], [ 118.1748811, 24.4858109 ], [ 118.1748516, 24.4858182 ], [ 118.1748274, 24.4858353 ], [ 118.1748096, 24.4858552 ], [ 118.1748006, 24.4858816 ] ] ] ] } },
{ "type": "Feature", "properties": { "osm_id": "152284661", "code": 8200, "fclass": "water", "name": null }, "geometry": { "type": "MultiPolygon", "coordinates": [ [ [ [ 118.1531931, 24.4843511 ], [ 118.1533322, 24.4843683 ], [ 118.1533832, 24.4838923 ], [ 118.1532226, 24.4838702 ], [ 118.1531931, 24.4843511 ] ] ] ] } },
{ "type": "Feature", "properties": { "osm_id": "152285588", "code": 8200, "fclass": "water", "name": null }, "geometry": { "type": "MultiPolygon", "coordinates": [ [ [ [ 118.1548892, 24.4782744 ], [ 118.1549478, 24.4782683 ], [ 118.1549714, 24.4782899 ], [ 118.1550024, 24.4782966 ], [ 118.1550228, 24.4782914 ], [ 118.1550382, 24.4782817 ], [ 118.1550515, 24.4782617 ], [ 118.1550528, 24.4782321 ], [ 118.1551208, 24.4782111 ], [ 118.1551002, 24.4781762 ], [ 118.1550331, 24.4781972 ], [ 118.1550115, 24.4781876 ], [ 118.1549903, 24.4781861 ], [ 118.1549752, 24.4781892 ], [ 118.1549569, 24.4781989 ], [ 118.1549416, 24.4782167 ], [ 118.1549356, 24.4782352 ], [ 118.1548919, 24.4782452 ], [ 118.1548892, 24.4782744 ] ] ] ] } },
{ "type": "Feature", "properties": { "osm_id": "152285590", "code": 8200, "fclass": "water", "name": null }, "geometry": { "type": "MultiPolygon", "coordinates": [ [ [ [ 118.154266, 24.4760685 ], [ 118.1542821, 24.4761393 ], [ 118.1543304, 24.476232 ], [ 118.1543649, 24.476259 ], [ 118.1544051, 24.4762907 ], [ 118.1544618, 24.4763321 ], [ 118.1545021, 24.4763565 ], [ 118.1545289, 24.4763809 ], [ 118.1545312, 24.4764226 ], [ 118.1545208, 24.4764761 ], [ 118.1545396, 24.4765225 ], [ 118.1545687, 24.4765641 ], [ 118.1545906, 24.4765689 ], [ 118.154604, 24.4765396 ], [ 118.1545879, 24.4764883 ], [ 118.1545879, 24.4764371 ], [ 118.1545798, 24.476398 ], [ 118.1545768, 24.4763566 ], [ 118.1545879, 24.4762979 ], [ 118.1545557, 24.476232 ], [ 118.1544967, 24.4762027 ], [ 118.1544618, 24.4761734 ], [ 118.1544426, 24.4761369 ], [ 118.1544158, 24.4760832 ], [ 118.1544109, 24.4760343 ], [ 118.1544078, 24.4759734 ], [ 118.1543354, 24.4759758 ], [ 118.1543005, 24.4759905 ], [ 118.1542737, 24.4760173 ], [ 118.154266, 24.4760685 ] ] ] ] } },
{ "type": "Feature", "properties": { "osm_id": "152285837", "code": 8200, "fclass": "water", "name": null }, "geometry": { "type": "MultiPolygon", "coordinates": [ [ [ [ 118.1250537, 24.4829623 ], [ 118.1250537, 24.4830379 ], [ 118.1250546, 24.4830773 ], [ 118.1250755, 24.4831281 ], [ 118.1251046, 24.4831722 ], [ 118.1251748, 24.4831208 ], [ 118.1251234, 24.4828817 ], [ 118.1250943, 24.4828645 ], [ 118.1250537, 24.4829623 ] ] ] ] } },
{ "type": "Feature", "properties": { "osm_id": "152285853", "code": 8200, "fclass": "water", "name": null }, "geometry": { "type": "MultiPolygon", "coordinates": [ [ [ [ 118.1254564, 24.4827766 ], [ 118.1255713, 24.4830965 ], [ 118.1255932, 24.4830573 ], [ 118.1255981, 24.4830208 ], [ 118.1256035, 24.482972 ], [ 118.1255874, 24.4829183 ], [ 118.1255659, 24.4828622 ], [ 118.1255284, 24.4828231 ], [ 118.1254966, 24.4827913 ], [ 118.1254564, 24.4827766 ] ] ] ] } },
{ "type": "Feature", "properties": { "osm_id": "152570681", "code": 8200, "fclass": "water", "name": "思源谷（情人谷）" }, "geometry": { "type": "MultiPolygon", "coordinates": [ [ [ [ 118.0986794, 24.4403905 ], [ 118.098686, 24.4404319 ], [ 118.0987879, 24.4406297 ], [ 118.0988362, 24.4406565 ], [ 118.0988898, 24.4406639 ], [ 118.0989167, 24.4406761 ], [ 118.0989569, 24.4406761 ], [ 118.0989328, 24.4406468 ], [ 118.098981, 24.4406419 ], [ 118.0990132, 24.440637 ], [ 118.0990347, 24.4406565 ], [ 118.0990696, 24.4406614 ], [ 118.0990937, 24.4406639 ], [ 118.0991044, 24.4406785 ], [ 118.0991554, 24.4407078 ], [ 118.0991876, 24.4407322 ], [ 118.0992278, 24.440742 ], [ 118.0992412, 24.4407835 ], [ 118.0992815, 24.4407982 ], [ 118.0992815, 24.4408323 ], [ 118.0992949, 24.4408616 ], [ 118.099327, 24.4409032 ], [ 118.0993217, 24.44093 ], [ 118.0992975, 24.4409495 ], [ 118.099311, 24.4409691 ], [ 118.0993431, 24.4409788 ], [ 118.0993646, 24.441013 ], [ 118.0993539, 24.4410399 ], [ 118.0992975, 24.4410423 ], [ 118.0993163, 24.4410863 ], [ 118.0993539, 24.4411034 ], [ 118.099378, 24.4411327 ], [ 118.0993834, 24.4411718 ], [ 118.0994182, 24.4412157 ], [ 118.0994397, 24.441245 ], [ 118.0994665, 24.4412914 ], [ 118.099488, 24.4413085 ], [ 118.0995148, 24.4413378 ], [ 118.0995389, 24.441394 ], [ 118.0995416, 24.4414257 ], [ 118.0995228, 24.4414672 ], [ 118.0995282, 24.4414965 ], [ 118.0995497, 24.4415502 ], [ 118.0995819, 24.4415991 ], [ 118.0996087, 24.4416455 ], [ 118.0996248, 24.4416919 ], [ 118.0996194, 24.4417456 ], [ 118.0996033, 24.4418677 ], [ 118.0995765, 24.4418921 ], [ 118.0995389, 24.4419336 ], [ 118.0994987, 24.4419751 ], [ 118.0994612, 24.4420191 ], [ 118.0994075, 24.4420435 ], [ 118.0993619, 24.4420752 ], [ 118.0993297, 24.4420997 ], [ 118.0993002, 24.4421534 ], [ 118.0992815, 24.4421924 ], [ 118.0992654, 24.4422242 ], [ 118.0992654, 24.4422877 ], [ 118.099268, 24.4423316 ], [ 118.0992546, 24.4423731 ], [ 118.0992198, 24.4424 ], [ 118.0991903, 24.4424317 ], [ 118.0991447, 24.4424659 ], [ 118.0991125, 24.4425026 ], [ 118.0990883, 24.4425734 ], [ 118.0990535, 24.4426246 ], [ 118.0990347, 24.4426466 ], [ 118.0989891, 24.4426881 ], [ 118.0989489, 24.4427614 ], [ 118.0989435, 24.4427809 ], [ 118.0989408, 24.4428639 ], [ 118.0989435, 24.4429055 ], [ 118.0989489, 24.4429494 ], [ 118.0989542, 24.4430031 ], [ 118.0989891, 24.44303 ], [ 118.0989998, 24.442986 ], [ 118.0990401, 24.4429421 ], [ 118.099024, 24.4428957 ], [ 118.0990079, 24.4428615 ], [ 118.0989837, 24.4427858 ], [ 118.0989998, 24.4427638 ], [ 118.0990508, 24.4427394 ], [ 118.0990722, 24.4427174 ], [ 118.0990883, 24.4426662 ], [ 118.0990991, 24.4426198 ], [ 118.0991152, 24.4425831 ], [ 118.0991259, 24.4425465 ], [ 118.0991554, 24.442527 ], [ 118.0991822, 24.4425172 ], [ 118.0992439, 24.4424903 ], [ 118.0992949, 24.442422 ], [ 118.0993431, 24.4424024 ], [ 118.099378, 24.4423878 ], [ 118.0993941, 24.4423341 ], [ 118.0994182, 24.442234 ], [ 118.0994263, 24.4421949 ], [ 118.0994424, 24.4421558 ], [ 118.0994773, 24.442107 ], [ 118.0995068, 24.4420801 ], [ 118.0995443, 24.4420581 ], [ 118.0995738, 24.4420215 ], [ 118.0996114, 24.4419873 ], [ 118.0996838, 24.4419263 ], [ 118.0996999, 24.4418921 ], [ 118.0997133, 24.4418677 ], [ 118.0997374, 24.4418579 ], [ 118.099775, 24.4419165 ], [ 118.0998206, 24.4418799 ], [ 118.0998501, 24.4418286 ], [ 118.0998554, 24.4417871 ], [ 118.0998581, 24.4417456 ], [ 118.0998715, 24.4417212 ], [ 118.0999171, 24.4416894 ], [ 118.0998876, 24.441687 ], [ 118.0998635, 24.4416772 ], [ 118.0998447, 24.4416504 ], [ 118.0998662, 24.4416284 ], [ 118.0999064, 24.4416284 ], [ 118.0999279, 24.4416284 ], [ 118.099944, 24.4415893 ], [ 118.0999788, 24.4415649 ], [ 118.100011, 24.4415576 ], [ 118.100062, 24.4415161 ], [ 118.10007, 24.4414843 ], [ 118.1000834, 24.4414379 ], [ 118.1000673, 24.4414013 ], [ 118.1000459, 24.441372 ], [ 118.1000271, 24.4413329 ], [ 118.0999922, 24.4413256 ], [ 118.0999815, 24.4413427 ], [ 118.0999627, 24.4413769 ], [ 118.0999359, 24.4413818 ], [ 118.0999064, 24.4413598 ], [ 118.0999091, 24.4413232 ], [ 118.0999493, 24.4412963 ], [ 118.0999171, 24.4412621 ], [ 118.099901, 24.4412816 ], [ 118.0998608, 24.4412377 ], [ 118.0998608, 24.4411986 ], [ 118.0998554, 24.441162 ], [ 118.0998528, 24.441118 ], [ 118.0998179, 24.4410692 ], [ 118.0997938, 24.4410668 ], [ 118.0997508, 24.4410423 ], [ 118.0997616, 24.441013 ], [ 118.0997911, 24.440974 ], [ 118.0998018, 24.440908 ], [ 118.0998447, 24.4408812 ], [ 118.0998581, 24.440847 ], [ 118.0998554, 24.440803 ], [ 118.0998635, 24.4407249 ], [ 118.0998957, 24.4406809 ], [ 118.0998796, 24.4406492 ], [ 118.0998474, 24.4406321 ], [ 118.0998286, 24.4406052 ], [ 118.0998179, 24.440554 ], [ 118.0998125, 24.4405198 ], [ 118.0998554, 24.4404734 ], [ 118.0998528, 24.440427 ], [ 118.0998662, 24.4404026 ], [ 118.0999359, 24.4403635 ], [ 118.0999949, 24.4403586 ], [ 118.1000378, 24.4403562 ], [ 118.1000754, 24.4403513 ], [ 118.1000834, 24.4403122 ], [ 118.1001719, 24.4402609 ], [ 118.1002014, 24.4402072 ], [ 118.1002819, 24.4401852 ], [ 118.1003195, 24.4401877 ], [ 118.1003436, 24.4401804 ], [ 118.100408, 24.4401755 ], [ 118.1004589, 24.4401852 ], [ 118.1004884, 24.4402145 ], [ 118.1005448, 24.4402121 ], [ 118.1005421, 24.4401657 ], [ 118.1006226, 24.4401828 ], [ 118.1006601, 24.4401633 ], [ 118.1006789, 24.4401315 ], [ 118.1007057, 24.4401584 ], [ 118.1007459, 24.4401584 ], [ 118.1007781, 24.4401584 ], [ 118.1008049, 24.4401828 ], [ 118.1008237, 24.440217 ], [ 118.1008103, 24.4402365 ], [ 118.1008318, 24.4402609 ], [ 118.100864, 24.4402829 ], [ 118.1008961, 24.4402585 ], [ 118.1008935, 24.4402292 ], [ 118.1008935, 24.4401706 ], [ 118.10088, 24.4401315 ], [ 118.1008532, 24.4401022 ], [ 118.1008613, 24.440068 ], [ 118.1008398, 24.4400363 ], [ 118.1008023, 24.4400705 ], [ 118.100762, 24.4401022 ], [ 118.1007701, 24.4400461 ], [ 118.1008157, 24.4400216 ], [ 118.1007996, 24.4400045 ], [ 118.100821, 24.4399582 ], [ 118.100754, 24.4399313 ], [ 118.100762, 24.4398995 ], [ 118.1008452, 24.4398898 ], [ 118.1008371, 24.4399288 ], [ 118.1008827, 24.4399288 ], [ 118.1009096, 24.439902 ], [ 118.1009122, 24.4398629 ], [ 118.1009391, 24.4398312 ], [ 118.1009686, 24.4398605 ], [ 118.1010088, 24.4398263 ], [ 118.1010463, 24.4397701 ], [ 118.1010651, 24.4397311 ], [ 118.1010758, 24.4396993 ], [ 118.1010705, 24.4396578 ], [ 118.1010651, 24.4396114 ], [ 118.1010329, 24.439543 ], [ 118.1010168, 24.4395064 ], [ 118.1009873, 24.4394502 ], [ 118.1009659, 24.4393306 ], [ 118.1008344, 24.4393452 ], [ 118.1007567, 24.4393575 ], [ 118.1006145, 24.4394014 ], [ 118.1003677, 24.4395333 ], [ 118.1002605, 24.4396285 ], [ 118.1001934, 24.4396602 ], [ 118.1001639, 24.4396871 ], [ 118.1001183, 24.4397091 ], [ 118.1000539, 24.4397311 ], [ 118.1000325, 24.4397457 ], [ 118.0999815, 24.4397848 ], [ 118.0999466, 24.4398312 ], [ 118.0999279, 24.4398654 ], [ 118.0998849, 24.4398776 ], [ 118.099834, 24.4398873 ], [ 118.0997696, 24.4399142 ], [ 118.0997347, 24.4399215 ], [ 118.0996167, 24.4399362 ], [ 118.0995711, 24.4399508 ], [ 118.0995094, 24.439963 ], [ 118.0993968, 24.4399826 ], [ 118.0992815, 24.4401389 ], [ 118.0992198, 24.4402023 ], [ 118.0991768, 24.440239 ], [ 118.0991286, 24.4402683 ], [ 118.0990588, 24.4402976 ], [ 118.0989864, 24.4403122 ], [ 118.0989113, 24.4403293 ], [ 118.0988443, 24.4403464 ], [ 118.0987531, 24.4403464 ], [ 118.0987044, 24.4403526 ], [ 118.0986794, 24.4403905 ] ] ] ] } },
{ "type": "Feature", "properties": { "osm_id": "155906958", "code": 8200, "fclass": "water", "name": null }, "geometry": { "type": "MultiPolygon", "coordinates": [ [ [ [ 118.0916569, 24.4374307 ], [ 118.0916704, 24.4374527 ], [ 118.091716, 24.4374624 ], [ 118.0917347, 24.4374844 ], [ 118.0917642, 24.4374893 ], [ 118.0917937, 24.4374649 ], [ 118.0918045, 24.4374307 ], [ 118.0918125, 24.4373941 ], [ 118.0917857, 24.4373599 ], [ 118.0917401, 24.4373428 ], [ 118.0916972, 24.437355 ], [ 118.0916757, 24.4373867 ], [ 118.0916569, 24.4374307 ] ] ] ] } },
{ "type": "Feature", "properties": { "osm_id": "156166000", "code": 8200, "fclass": "water", "name": null }, "geometry": { "type": "MultiPolygon", "coordinates": [ [ [ [ 118.0903503, 24.4408498 ], [ 118.0903771, 24.4408815 ], [ 118.0904307, 24.4408986 ], [ 118.0904629, 24.4409133 ], [ 118.0905112, 24.4409304 ], [ 118.0905219, 24.4409719 ], [ 118.0905327, 24.4410231 ], [ 118.0905032, 24.4410988 ], [ 118.0904584, 24.4412092 ], [ 118.0904719, 24.4412374 ], [ 118.0907338, 24.4412478 ], [ 118.0907714, 24.4412478 ], [ 118.0908089, 24.441238 ], [ 118.0908545, 24.4412209 ], [ 118.0909001, 24.4411892 ], [ 118.0909457, 24.4411159 ], [ 118.0909511, 24.4410817 ], [ 118.0909135, 24.4410427 ], [ 118.0908384, 24.4410378 ], [ 118.0908143, 24.4410183 ], [ 118.0908036, 24.4409865 ], [ 118.0908277, 24.4409645 ], [ 118.090884, 24.4409621 ], [ 118.0909296, 24.440945 ], [ 118.0909645, 24.4409255 ], [ 118.090986, 24.4408791 ], [ 118.0909162, 24.4408742 ], [ 118.0908706, 24.4408595 ], [ 118.0908384, 24.4408254 ], [ 118.0908438, 24.4408009 ], [ 118.0908626, 24.4407472 ], [ 118.0908626, 24.4407155 ], [ 118.0908223, 24.4407081 ], [ 118.0907875, 24.4407155 ], [ 118.0907419, 24.4407326 ], [ 118.0906668, 24.440757 ], [ 118.0906292, 24.4407667 ], [ 118.0904924, 24.4407692 ], [ 118.0904146, 24.4407912 ], [ 118.090353, 24.4408083 ], [ 118.0903503, 24.4408498 ] ] ] ] } },
{ "type": "Feature", "properties": { "osm_id": "160424442", "code": 8200, "fclass": "water", "name": null }, "geometry": { "type": "MultiPolygon", "coordinates": [ [ [ [ 118.0852362, 24.4754974 ], [ 118.0852389, 24.475534 ], [ 118.0852497, 24.4755779 ], [ 118.0852745, 24.4756156 ], [ 118.0853087, 24.4756389 ], [ 118.0853522, 24.4756596 ], [ 118.0854133, 24.475678 ], [ 118.085432, 24.4756121 ], [ 118.0858156, 24.4756951 ], [ 118.0858558, 24.475534 ], [ 118.085483, 24.4754461 ], [ 118.0855024, 24.4753691 ], [ 118.0854347, 24.4753509 ], [ 118.0853871, 24.475352 ], [ 118.0853462, 24.4753582 ], [ 118.0853033, 24.4753826 ], [ 118.0852738, 24.4754095 ], [ 118.0852497, 24.4754412 ], [ 118.0852362, 24.4754974 ] ] ] ] } },
{ "type": "Feature", "properties": { "osm_id": "164548741", "code": 8200, "fclass": "water", "name": null }, "geometry": { "type": "MultiPolygon", "coordinates": [ [ [ [ 118.0905896, 24.4425531 ], [ 118.0906513, 24.442746 ], [ 118.0907344, 24.4428779 ], [ 118.0908444, 24.4429511 ], [ 118.0910429, 24.4429829 ], [ 118.0910992, 24.4429731 ], [ 118.0911448, 24.4429316 ], [ 118.0911529, 24.4428974 ], [ 118.0911368, 24.4428486 ], [ 118.0911797, 24.4427827 ], [ 118.0912172, 24.4427314 ], [ 118.0912628, 24.4427094 ], [ 118.0913192, 24.4427119 ], [ 118.0913567, 24.4426777 ], [ 118.091405, 24.4426435 ], [ 118.0914613, 24.4426166 ], [ 118.0915257, 24.4426288 ], [ 118.0915632, 24.4426215 ], [ 118.0916008, 24.4425873 ], [ 118.091641, 24.4425556 ], [ 118.0917108, 24.4425482 ], [ 118.0917859, 24.4425702 ], [ 118.0918878, 24.4426264 ], [ 118.0919897, 24.4426655 ], [ 118.0920809, 24.4426606 ], [ 118.0921506, 24.4426362 ], [ 118.0921855, 24.4425849 ], [ 118.0922123, 24.4425189 ], [ 118.0921989, 24.4424677 ], [ 118.0920755, 24.442287 ], [ 118.091861, 24.4420819 ], [ 118.09181, 24.4420697 ], [ 118.0917671, 24.4420697 ], [ 118.0909153, 24.4423995 ], [ 118.0906003, 24.4425214 ], [ 118.0905896, 24.4425531 ] ] ] ] } },
{ "type": "Feature", "properties": { "osm_id": "164548746", "code": 8200, "fclass": "water", "name": null }, "geometry": { "type": "MultiPolygon", "coordinates": [ [ [ [ 118.0913512, 24.4428319 ], [ 118.0914658, 24.4431346 ], [ 118.0917831, 24.4430246 ], [ 118.0916626, 24.4427208 ], [ 118.0913512, 24.4428319 ] ] ] ] } },
{ "type": "Feature", "properties": { "osm_id": "164551850", "code": 8200, "fclass": "water", "name": null }, "geometry": { "type": "MultiPolygon", "coordinates": [ [ [ [ 118.121572, 24.4817539 ], [ 118.1216524, 24.481998 ], [ 118.1217115, 24.4821005 ], [ 118.1218281, 24.4820881 ], [ 118.1219247, 24.4820881 ], [ 118.1219569, 24.4821662 ], [ 118.1219529, 24.482247 ], [ 118.1221339, 24.4822345 ], [ 118.1223163, 24.4821662 ], [ 118.1225644, 24.482203 ], [ 118.1227079, 24.4822638 ], [ 118.1230257, 24.4823007 ], [ 118.123074, 24.4824911 ], [ 118.1230579, 24.4827205 ], [ 118.1231907, 24.4826495 ], [ 118.1236145, 24.4825763 ], [ 118.1240061, 24.4824591 ], [ 118.1242314, 24.482215 ], [ 118.1242327, 24.4820224 ], [ 118.1240289, 24.4819833 ], [ 118.1239377, 24.4817539 ], [ 118.123412, 24.4815732 ], [ 118.1233315, 24.4815781 ], [ 118.1230418, 24.4814365 ], [ 118.1229077, 24.4814707 ], [ 118.1228702, 24.4813633 ], [ 118.1228273, 24.481378 ], [ 118.1228112, 24.4813047 ], [ 118.1224249, 24.4810899 ], [ 118.1219099, 24.4811094 ], [ 118.1217115, 24.4811631 ], [ 118.121572, 24.4817539 ] ] ] ] } },
{ "type": "Feature", "properties": { "osm_id": "164669937", "code": 8200, "fclass": "water", "name": null }, "geometry": { "type": "MultiPolygon", "coordinates": [ [ [ [ 118.0567488, 24.445778 ], [ 118.0567649, 24.4458855 ], [ 118.0569687, 24.4458635 ], [ 118.0570546, 24.4457927 ], [ 118.0571189, 24.4458024 ], [ 118.0571913, 24.4457194 ], [ 118.0572289, 24.4456095 ], [ 118.0572101, 24.4454923 ], [ 118.0567488, 24.445778 ] ] ] ] } },
{ "type": "Feature", "properties": { "osm_id": "164669938", "code": 8200, "fclass": "water", "name": null }, "geometry": { "type": "MultiPolygon", "coordinates": [ [ [ [ 118.0565449, 24.4456364 ], [ 118.0565905, 24.4458147 ], [ 118.0566334, 24.445861 ], [ 118.0567488, 24.445778 ], [ 118.0567085, 24.4455876 ], [ 118.0565449, 24.4456364 ] ] ] ] } },
{ "type": "Feature", "properties": { "osm_id": "164669939", "code": 8200, "fclass": "water", "name": null }, "geometry": { "type": "MultiPolygon", "coordinates": [ [ [ [ 118.0552125, 24.4473405 ], [ 118.0552146, 24.4473945 ], [ 118.0556679, 24.447392 ], [ 118.0556813, 24.4473578 ], [ 118.0553648, 24.4472626 ], [ 118.0553245, 24.4472309 ], [ 118.0552125, 24.4473405 ] ] ] ] } },
{ "type": "Feature", "properties": { "osm_id": "164682514", "code": 8201, "fclass": "reservoir", "name": "上李水库" }, "geometry": { "type": "MultiPolygon", "coordinates": [ [ [ [ 118.1203977, 24.4499769 ], [ 118.1204648, 24.4500233 ], [ 118.1206391, 24.4498768 ], [ 118.1207974, 24.4497156 ], [ 118.1208752, 24.449618 ], [ 118.1209181, 24.4496253 ], [ 118.1211514, 24.4498084 ], [ 118.1212721, 24.4498768 ], [ 118.1214358, 24.4499183 ], [ 118.1214626, 24.4498865 ], [ 118.1214438, 24.4498279 ], [ 118.1213794, 24.4498499 ], [ 118.1212668, 24.4498182 ], [ 118.1211407, 24.4497327 ], [ 118.1210307, 24.4496302 ], [ 118.1209583, 24.449552 ], [ 118.1209583, 24.4495032 ], [ 118.1209959, 24.4494617 ], [ 118.12113, 24.4493714 ], [ 118.1212802, 24.4492493 ], [ 118.1214733, 24.4490808 ], [ 118.1215618, 24.4490051 ], [ 118.1218086, 24.4489001 ], [ 118.1219427, 24.448822 ], [ 118.12205, 24.448717 ], [ 118.1221412, 24.448634 ], [ 118.1223987, 24.4483336 ], [ 118.1227098, 24.4481359 ], [ 118.1229727, 24.4478941 ], [ 118.1232006, 24.4476084 ], [ 118.1233213, 24.4474644 ], [ 118.1233884, 24.4473008 ], [ 118.1233911, 24.447147 ], [ 118.1233991, 24.4469956 ], [ 118.1234662, 24.4468832 ], [ 118.1236137, 24.44681 ], [ 118.1239919, 24.4466684 ], [ 118.1243352, 24.4464266 ], [ 118.1243835, 24.4464779 ], [ 118.124413, 24.4464657 ], [ 118.1243862, 24.4463851 ], [ 118.1244479, 24.4463485 ], [ 118.1244801, 24.4460579 ], [ 118.1245954, 24.4459676 ], [ 118.1246222, 24.4458748 ], [ 118.1246705, 24.4457942 ], [ 118.1248261, 24.4456599 ], [ 118.1248556, 24.4456087 ], [ 118.1248368, 24.4455769 ], [ 118.1248663, 24.4455452 ], [ 118.124869, 24.4455208 ], [ 118.1250192, 24.4454744 ], [ 118.1250192, 24.4454475 ], [ 118.1250514, 24.4454158 ], [ 118.1250299, 24.4453303 ], [ 118.1250541, 24.4452741 ], [ 118.1252445, 24.4450934 ], [ 118.1252445, 24.4450031 ], [ 118.1252123, 24.4449127 ], [ 118.1252552, 24.4448566 ], [ 118.1253357, 24.4447223 ], [ 118.1254215, 24.4446515 ], [ 118.1255744, 24.4444952 ], [ 118.125569, 24.4443218 ], [ 118.1255181, 24.4441704 ], [ 118.1253008, 24.4442315 ], [ 118.1251452, 24.4442291 ], [ 118.1247912, 24.4443072 ], [ 118.1245337, 24.4445758 ], [ 118.124185, 24.4448517 ], [ 118.1240563, 24.4450007 ], [ 118.1238256, 24.4451301 ], [ 118.1237478, 24.4452253 ], [ 118.1236995, 24.4456135 ], [ 118.1235654, 24.4458626 ], [ 118.1234581, 24.4459358 ], [ 118.1233321, 24.4460579 ], [ 118.1232945, 24.4461458 ], [ 118.1231255, 24.4463583 ], [ 118.1229485, 24.4464608 ], [ 118.1228439, 24.4464535 ], [ 118.12275, 24.4466708 ], [ 118.1226052, 24.4467783 ], [ 118.1225784, 24.4468637 ], [ 118.1224657, 24.4469125 ], [ 118.1224067, 24.4468759 ], [ 118.1223542, 24.4468192 ], [ 118.1222462, 24.4467399 ], [ 118.1221921, 24.446812 ], [ 118.1220366, 24.4468979 ], [ 118.1218971, 24.4469394 ], [ 118.1214358, 24.4468832 ], [ 118.1220661, 24.447103 ], [ 118.1221841, 24.4472226 ], [ 118.1221841, 24.4473667 ], [ 118.1220822, 24.447523 ], [ 118.1217683, 24.4477769 ], [ 118.1214921, 24.4481017 ], [ 118.1213714, 24.4480235 ], [ 118.1213365, 24.4480626 ], [ 118.1214062, 24.4481725 ], [ 118.1213955, 24.4482018 ], [ 118.1214223, 24.4482579 ], [ 118.1213955, 24.4483458 ], [ 118.1213258, 24.44838 ], [ 118.1212426, 24.4485216 ], [ 118.1211541, 24.4485631 ], [ 118.1211327, 24.4486144 ], [ 118.1210495, 24.4487048 ], [ 118.1210361, 24.4487658 ], [ 118.1208913, 24.4488586 ], [ 118.1208323, 24.4488732 ], [ 118.1207276, 24.448988 ], [ 118.1206955, 24.4491247 ], [ 118.1207062, 24.4491907 ], [ 118.120792, 24.449259 ], [ 118.1208376, 24.4493274 ], [ 118.1208081, 24.44943 ], [ 118.1207706, 24.4495081 ], [ 118.1207759, 24.449574 ], [ 118.1207572, 24.4496619 ], [ 118.1207142, 24.4497303 ], [ 118.1205614, 24.4498377 ], [ 118.1203977, 24.4499769 ] ] ] ] } },
{ "type": "Feature", "properties": { "osm_id": "165649875", "code": 8201, "fclass": "reservoir", "name": null }, "geometry": { "type": "MultiPolygon", "coordinates": [ [ [ [ 118.190875, 24.5155239 ], [ 118.1918023, 24.515525 ], [ 118.1915965, 24.5151261 ], [ 118.1915502, 24.5149222 ], [ 118.1915509, 24.5148357 ], [ 118.1915985, 24.5147025 ], [ 118.1916126, 24.5146136 ], [ 118.191516, 24.5144232 ], [ 118.1915026, 24.5141816 ], [ 118.1914751, 24.5140851 ], [ 118.1915106, 24.5138131 ], [ 118.1915562, 24.5137448 ], [ 118.1914215, 24.51368 ], [ 118.1913497, 24.5137716 ], [ 118.1913336, 24.5141255 ], [ 118.1913336, 24.514228 ], [ 118.1913095, 24.5144989 ], [ 118.1912666, 24.5145721 ], [ 118.1910842, 24.5146917 ], [ 118.1910627, 24.5148186 ], [ 118.1910627, 24.5152237 ], [ 118.190875, 24.5155239 ] ] ] ] } },
{ "type": "Feature", "properties": { "osm_id": "167175512", "code": 8200, "fclass": "water", "name": null }, "geometry": { "type": "MultiPolygon", "coordinates": [ [ [ [ 118.1021076, 24.5192664 ], [ 118.1021291, 24.5193348 ], [ 118.1022042, 24.5193641 ], [ 118.1023061, 24.5193543 ], [ 118.102349, 24.5192957 ], [ 118.1023354, 24.5192152 ], [ 118.1023169, 24.5191688 ], [ 118.1024027, 24.5191005 ], [ 118.1023973, 24.5190566 ], [ 118.1024349, 24.5189834 ], [ 118.1023812, 24.5190127 ], [ 118.1023329, 24.5190224 ], [ 118.1022871, 24.5190785 ], [ 118.1022632, 24.5191542 ], [ 118.1021744, 24.5191908 ], [ 118.1021452, 24.5192323 ], [ 118.1021076, 24.5192664 ] ] ] ] } },
{ "type": "Feature", "properties": { "osm_id": "2233696", "code": 8200, "fclass": "water", "name": null }, "geometry": { "type": "MultiPolygon", "coordinates": [ [ [ [ 118.0992904, 24.5196735 ], [ 118.0993226, 24.5197223 ], [ 118.099328, 24.519815 ], [ 118.0993977, 24.5198931 ], [ 118.0994728, 24.5199224 ], [ 118.0994644, 24.5198199 ], [ 118.0995582, 24.5197223 ], [ 118.0995475, 24.5196832 ], [ 118.0995801, 24.5196418 ], [ 118.0996284, 24.5196418 ], [ 118.0996471, 24.519671 ], [ 118.0995828, 24.5197223 ], [ 118.0995989, 24.5197638 ], [ 118.0996552, 24.5197711 ], [ 118.0997491, 24.5199541 ], [ 118.0998215, 24.5199736 ], [ 118.09991, 24.520059 ], [ 118.1000173, 24.5200761 ], [ 118.1001138, 24.520059 ], [ 118.1002694, 24.5200127 ], [ 118.1003365, 24.5200615 ], [ 118.1006177, 24.5201249 ], [ 118.100661, 24.5200761 ], [ 118.1006311, 24.5199956 ], [ 118.1006181, 24.5199346 ], [ 118.1006557, 24.5199395 ], [ 118.1006852, 24.5199004 ], [ 118.1007495, 24.5198907 ], [ 118.1007677, 24.5199031 ], [ 118.1007924, 24.51992 ], [ 118.1008215, 24.5199663 ], [ 118.1009427, 24.52002 ], [ 118.1010656, 24.5200224 ], [ 118.1010955, 24.5199785 ], [ 118.1011836, 24.5199126 ], [ 118.1012078, 24.519815 ], [ 118.1011787, 24.5197857 ], [ 118.1011032, 24.5197857 ], [ 118.1010898, 24.5197467 ], [ 118.1010933, 24.5197341 ], [ 118.1011116, 24.5196686 ], [ 118.1011385, 24.5196393 ], [ 118.101189, 24.5196857 ], [ 118.1012216, 24.5195612 ], [ 118.1011622, 24.5194905 ], [ 118.1010871, 24.5194734 ], [ 118.10102, 24.5196003 ], [ 118.1009932, 24.5196003 ], [ 118.1009963, 24.5195002 ], [ 118.1009695, 24.5194368 ], [ 118.1010017, 24.5193977 ], [ 118.1010714, 24.5194392 ], [ 118.1010714, 24.5193636 ], [ 118.1009775, 24.519283 ], [ 118.1008671, 24.5192537 ], [ 118.10083, 24.5192586 ], [ 118.1008246, 24.5192342 ], [ 118.1007147, 24.5191927 ], [ 118.1006901, 24.5192123 ], [ 118.1005323, 24.519122 ], [ 118.1003767, 24.5191561 ], [ 118.1003204, 24.5192903 ], [ 118.1003901, 24.5193977 ], [ 118.1002909, 24.5195027 ], [ 118.1002211, 24.5194856 ], [ 118.1001675, 24.5194148 ], [ 118.1001112, 24.5194441 ], [ 118.1000196, 24.5196808 ], [ 118.0998077, 24.5197247 ], [ 118.0997594, 24.5196954 ], [ 118.0996816, 24.5196076 ], [ 118.099446, 24.5195734 ], [ 118.0993897, 24.5196198 ], [ 118.0993306, 24.5195954 ], [ 118.0992904, 24.5196735 ] ], [ [ 118.0993758, 24.5197052 ], [ 118.0994027, 24.5196735 ], [ 118.0994456, 24.5196906 ], [ 118.0994268, 24.519732 ], [ 118.0993812, 24.5197345 ], [ 118.0993758, 24.5197052 ] ] ] ] } },
{ "type": "Feature", "properties": { "osm_id": "174199218", "code": 8200, "fclass": "water", "name": null }, "geometry": { "type": "MultiPolygon", "coordinates": [ [ [ [ 118.0641997, 24.4419036 ], [ 118.0642289, 24.4419098 ], [ 118.0642532, 24.4420709 ], [ 118.0643202, 24.4420977 ], [ 118.0643497, 24.4422076 ], [ 118.0642827, 24.4423126 ], [ 118.0643363, 24.4423663 ], [ 118.0643417, 24.4424225 ], [ 118.0643337, 24.4424786 ], [ 118.0643471, 24.4425079 ], [ 118.064398, 24.4424957 ], [ 118.0644651, 24.4424811 ], [ 118.0645214, 24.4423736 ], [ 118.0644704, 24.4423614 ], [ 118.0644624, 24.442315 ], [ 118.0644088, 24.442315 ], [ 118.0644034, 24.4422247 ], [ 118.0644892, 24.4422271 ], [ 118.0644704, 24.4420928 ], [ 118.0644248, 24.4420171 ], [ 118.0644517, 24.4419488 ], [ 118.0644731, 24.4418413 ], [ 118.0644383, 24.4417388 ], [ 118.0643229, 24.4417241 ], [ 118.0642964, 24.4416941 ], [ 118.0642489, 24.4418121 ], [ 118.0642088, 24.4418214 ], [ 118.0642077, 24.4418316 ], [ 118.0641997, 24.4419036 ] ] ] ] } },
{ "type": "Feature", "properties": { "osm_id": "174575860", "code": 8200, "fclass": "water", "name": null }, "geometry": { "type": "MultiPolygon", "coordinates": [ [ [ [ 118.0898207, 24.4565785 ], [ 118.0898207, 24.4566517 ], [ 118.0898582, 24.4566859 ], [ 118.0903678, 24.457018 ], [ 118.0903571, 24.4570717 ], [ 118.0905234, 24.4571644 ], [ 118.0905878, 24.457057 ], [ 118.0906575, 24.4570326 ], [ 118.0907111, 24.4569349 ], [ 118.0907862, 24.4569984 ], [ 118.0908882, 24.456974 ], [ 118.0910276, 24.4570033 ], [ 118.0910223, 24.4567592 ], [ 118.0910491, 24.4566371 ], [ 118.0911886, 24.4566078 ], [ 118.0913173, 24.4566029 ], [ 118.0914407, 24.4566517 ], [ 118.0915051, 24.456725 ], [ 118.0915909, 24.4566224 ], [ 118.091784, 24.4565541 ], [ 118.0918055, 24.4564564 ], [ 118.0919557, 24.456349 ], [ 118.0920952, 24.4562953 ], [ 118.0920844, 24.4562269 ], [ 118.0918484, 24.4560902 ], [ 118.0916392, 24.4560413 ], [ 118.091269, 24.4560853 ], [ 118.0910652, 24.4560462 ], [ 118.091151, 24.4557581 ], [ 118.0912476, 24.455763 ], [ 118.091253, 24.45568 ], [ 118.0913281, 24.4556653 ], [ 118.091371, 24.4556019 ], [ 118.0914729, 24.4556019 ], [ 118.0915265, 24.455514 ], [ 118.0914139, 24.4554798 ], [ 118.0914353, 24.4554016 ], [ 118.0915534, 24.4552844 ], [ 118.0916499, 24.4553089 ], [ 118.0916928, 24.455177 ], [ 118.0915104, 24.4548596 ], [ 118.0914568, 24.4548547 ], [ 118.0914461, 24.454801 ], [ 118.0915265, 24.4547522 ], [ 118.0914085, 24.4547327 ], [ 118.0913388, 24.4547766 ], [ 118.0913281, 24.4548596 ], [ 118.0914192, 24.4548743 ], [ 118.0914514, 24.4550305 ], [ 118.0912248, 24.4551317 ], [ 118.0911671, 24.4551575 ], [ 118.0910974, 24.455304 ], [ 118.0911403, 24.455343 ], [ 118.091092, 24.4554847 ], [ 118.0910008, 24.4554749 ], [ 118.0907487, 24.4555921 ], [ 118.0906883, 24.4556592 ], [ 118.0906173, 24.4557569 ], [ 118.0903598, 24.4559619 ], [ 118.0898207, 24.4565785 ] ] ] ] } },
{ "type": "Feature", "properties": { "osm_id": "175174373", "code": 8200, "fclass": "water", "name": null }, "geometry": { "type": "MultiPolygon", "coordinates": [ [ [ [ 118.1167014, 24.5193134 ], [ 118.1167152, 24.5194769 ], [ 118.1175884, 24.5199462 ], [ 118.1184197, 24.5192319 ], [ 118.1184319, 24.519103 ], [ 118.1182951, 24.5188452 ], [ 118.1182878, 24.5186896 ], [ 118.1183562, 24.5184673 ], [ 118.1188204, 24.5177049 ], [ 118.1188015, 24.5176285 ], [ 118.1191473, 24.516892 ], [ 118.1189415, 24.5168214 ], [ 118.1189322, 24.5168527 ], [ 118.1188326, 24.5168066 ], [ 118.1188198, 24.5168445 ], [ 118.1187066, 24.516802 ], [ 118.1186308, 24.5169552 ], [ 118.1184846, 24.5171382 ], [ 118.1184644, 24.517321 ], [ 118.1184713, 24.5175137 ], [ 118.1185394, 24.5176227 ], [ 118.1183805, 24.5178297 ], [ 118.1170676, 24.5187036 ], [ 118.1167014, 24.5193134 ] ] ] ] } },
{ "type": "Feature", "properties": { "osm_id": "2370214", "code": 8200, "fclass": "water", "name": null }, "geometry": { "type": "MultiPolygon", "coordinates": [ [ [ [ 118.1539491, 24.474909 ], [ 118.1539629, 24.4749626 ], [ 118.1539947, 24.4749945 ], [ 118.1540323, 24.4750335 ], [ 118.1540273, 24.4750651 ], [ 118.1539737, 24.4750871 ], [ 118.1539893, 24.4751239 ], [ 118.1540112, 24.4751652 ], [ 118.1540537, 24.4751849 ], [ 118.1541127, 24.4751922 ], [ 118.1541449, 24.4752288 ], [ 118.1541825, 24.4752239 ], [ 118.1542311, 24.4752263 ], [ 118.154266, 24.4752287 ], [ 118.1542902, 24.4752092 ], [ 118.1543434, 24.4751995 ], [ 118.1543733, 24.4751896 ], [ 118.1544078, 24.4751605 ], [ 118.154448, 24.4751507 ], [ 118.1544775, 24.4751434 ], [ 118.1545128, 24.4751188 ], [ 118.1545879, 24.4751286 ], [ 118.1545768, 24.4750677 ], [ 118.1546036, 24.4750433 ], [ 118.1547193, 24.4750261 ], [ 118.15473, 24.4749089 ], [ 118.1546653, 24.4748895 ], [ 118.1546174, 24.4748698 ], [ 118.1545848, 24.4748553 ], [ 118.1545312, 24.4748456 ], [ 118.1544913, 24.4748161 ], [ 118.1544591, 24.4748015 ], [ 118.1544319, 24.4747796 ], [ 118.1543783, 24.474787 ], [ 118.1543112, 24.4747967 ], [ 118.1542553, 24.4748064 ], [ 118.1542151, 24.4748235 ], [ 118.1541829, 24.4748381 ], [ 118.1541556, 24.4748626 ], [ 118.154102, 24.4748602 ], [ 118.1540514, 24.4748576 ], [ 118.1540162, 24.4748529 ], [ 118.1539598, 24.4748797 ], [ 118.1539491, 24.474909 ] ], [ [ 118.1540966, 24.4749603 ], [ 118.1540993, 24.4749334 ], [ 118.1541315, 24.4749041 ], [ 118.1541802, 24.4748918 ], [ 118.1542231, 24.4749236 ], [ 118.1542258, 24.4749553 ], [ 118.154212, 24.4749749 ], [ 118.1541905, 24.474992 ], [ 118.1541583, 24.4749945 ], [ 118.1541208, 24.4749847 ], [ 118.1540966, 24.4749603 ] ], [ [ 118.1544109, 24.475009 ], [ 118.1544265, 24.4749579 ], [ 118.1544484, 24.4749284 ], [ 118.1544856, 24.4749017 ], [ 118.1545181, 24.4748747 ], [ 118.1545928, 24.4748968 ], [ 118.1546308, 24.4749138 ], [ 118.1546358, 24.4749432 ], [ 118.1546496, 24.4749675 ], [ 118.1546254, 24.4750041 ], [ 118.1545794, 24.4750189 ], [ 118.1545419, 24.4750311 ], [ 118.154499, 24.4750555 ], [ 118.1544484, 24.4750627 ], [ 118.1544185, 24.4750335 ], [ 118.1544109, 24.475009 ] ] ] ] } },
{ "type": "Feature", "properties": { "osm_id": "2372185", "code": 8200, "fclass": "water", "name": "芙蓉湖" }, "geometry": { "type": "MultiPolygon", "coordinates": [ [ [ [ 118.0929422, 24.4391039 ], [ 118.0929461, 24.4391816 ], [ 118.0929529, 24.4392137 ], [ 118.0929663, 24.439243 ], [ 118.0929663, 24.4392797 ], [ 118.0929931, 24.4393041 ], [ 118.0930387, 24.4393407 ], [ 118.0930882, 24.4393868 ], [ 118.0931219, 24.4394311 ], [ 118.0931568, 24.4394897 ], [ 118.0931794, 24.4395381 ], [ 118.0931997, 24.4395874 ], [ 118.0932143, 24.4396407 ], [ 118.0932185, 24.4396924 ], [ 118.0932211, 24.4397412 ], [ 118.0932238, 24.4397949 ], [ 118.0932158, 24.4398486 ], [ 118.0932399, 24.4398828 ], [ 118.0932748, 24.4399194 ], [ 118.0933016, 24.4399536 ], [ 118.093335, 24.4399655 ], [ 118.0933687, 24.4399536 ], [ 118.0933821, 24.4399194 ], [ 118.093433, 24.4399365 ], [ 118.0934672, 24.439933 ], [ 118.0934961, 24.4399251 ], [ 118.0935298, 24.439913 ], [ 118.0935599, 24.4399084 ], [ 118.0936024, 24.4398953 ], [ 118.0936517, 24.4398834 ], [ 118.0937049, 24.4398667 ], [ 118.0937489, 24.4398478 ], [ 118.0937896, 24.4398327 ], [ 118.0938436, 24.4398133 ], [ 118.0938731, 24.4397938 ], [ 118.0938694, 24.4397695 ], [ 118.0938273, 24.4397998 ], [ 118.0937629, 24.4398169 ], [ 118.093712, 24.4398486 ], [ 118.0936649, 24.4398605 ], [ 118.0936074, 24.439856 ], [ 118.0935737, 24.4398385 ], [ 118.0935323, 24.43979 ], [ 118.0935215, 24.4397021 ], [ 118.093535, 24.4396557 ], [ 118.0935591, 24.4396118 ], [ 118.093602, 24.4395581 ], [ 118.0936181, 24.43958 ], [ 118.0936557, 24.4395654 ], [ 118.0936837, 24.4395137 ], [ 118.0937078, 24.4394918 ], [ 118.0937454, 24.4394527 ], [ 118.0937898, 24.4394262 ], [ 118.0938568, 24.4393822 ], [ 118.0938515, 24.4394164 ], [ 118.0938917, 24.4394115 ], [ 118.0939331, 24.4394112 ], [ 118.0939802, 24.4394164 ], [ 118.0940017, 24.4394506 ], [ 118.094035, 24.4394893 ], [ 118.0940672, 24.439504 ], [ 118.0941277, 24.4395239 ], [ 118.0941626, 24.4395483 ], [ 118.0941945, 24.4395834 ], [ 118.0942052, 24.439612 ], [ 118.0941982, 24.4396462 ], [ 118.0941864, 24.4396731 ], [ 118.0941143, 24.4396875 ], [ 118.0940365, 24.4397143 ], [ 118.0939561, 24.4397387 ], [ 118.0939028, 24.4397565 ], [ 118.0939127, 24.4397833 ], [ 118.0939983, 24.4397522 ], [ 118.0940616, 24.4397212 ], [ 118.0941388, 24.4396935 ], [ 118.0941603, 24.4396938 ], [ 118.0941811, 24.4396963 ], [ 118.0942002, 24.4397088 ], [ 118.0942253, 24.4397152 ], [ 118.0942408, 24.4397131 ], [ 118.0942649, 24.4397024 ], [ 118.0942793, 24.4396838 ], [ 118.0943021, 24.4396554 ], [ 118.094341, 24.4395785 ], [ 118.094345, 24.4394991 ], [ 118.0943598, 24.4394622 ], [ 118.0943933, 24.4394439 ], [ 118.0944235, 24.4394378 ], [ 118.0944825, 24.4394429 ], [ 118.0945174, 24.4394533 ], [ 118.0945428, 24.4394539 ], [ 118.0945774, 24.4394433 ], [ 118.0946012, 24.4394231 ], [ 118.0946096, 24.4393862 ], [ 118.0946226, 24.4393581 ], [ 118.0946493, 24.4393355 ], [ 118.0946654, 24.4393037 ], [ 118.0946466, 24.4392524 ], [ 118.0946373, 24.4392113 ], [ 118.0946171, 24.4391768 ], [ 118.0946186, 24.4391356 ], [ 118.0946347, 24.4390892 ], [ 118.0946266, 24.4390526 ], [ 118.0945891, 24.4390477 ], [ 118.0945569, 24.4390379 ], [ 118.094522, 24.439016 ], [ 118.0945044, 24.4389912 ], [ 118.0944898, 24.4389622 ], [ 118.0944883, 24.438935 ], [ 118.0944964, 24.4388959 ], [ 118.0945113, 24.438867 ], [ 118.0945408, 24.4388426 ], [ 118.0945059, 24.4387742 ], [ 118.0944803, 24.4387128 ], [ 118.0944389, 24.4386399 ], [ 118.094412, 24.4386106 ], [ 118.0943837, 24.4385834 ], [ 118.094353, 24.4385666 ], [ 118.0943208, 24.438574 ], [ 118.0942591, 24.4385813 ], [ 118.0941948, 24.4386008 ], [ 118.0941384, 24.4386106 ], [ 118.0941048, 24.4386322 ], [ 118.0941063, 24.4386643 ], [ 118.0941036, 24.4386961 ], [ 118.0941021, 24.4387543 ], [ 118.094117, 24.438784 ], [ 118.0941304, 24.4388377 ], [ 118.0941384, 24.4388743 ], [ 118.0941036, 24.4389134 ], [ 118.0940392, 24.4389256 ], [ 118.0940109, 24.4389228 ], [ 118.0939626, 24.4389155 ], [ 118.0939453, 24.4388841 ], [ 118.0939185, 24.4388572 ], [ 118.093881, 24.4388377 ], [ 118.0938661, 24.4387934 ], [ 118.0938193, 24.4387889 ], [ 118.0937629, 24.4387962 ], [ 118.0936422, 24.4388084 ], [ 118.093602, 24.4388133 ], [ 118.0934169, 24.438823 ], [ 118.0933606, 24.4388328 ], [ 118.0933338, 24.4388475 ], [ 118.0932667, 24.4388646 ], [ 118.093248, 24.4389012 ], [ 118.0932211, 24.4389354 ], [ 118.0931916, 24.4389622 ], [ 118.093146, 24.4389671 ], [ 118.0930951, 24.4389769 ], [ 118.0930656, 24.4389818 ], [ 118.09302, 24.4389915 ], [ 118.0929931, 24.4390086 ], [ 118.092969, 24.439016 ], [ 118.0929449, 24.4390575 ], [ 118.0929422, 24.4391039 ] ], [ [ 118.0935108, 24.4390868 ], [ 118.0935323, 24.4390648 ], [ 118.093551, 24.4390868 ], [ 118.093551, 24.4391112 ], [ 118.0935281, 24.4391181 ], [ 118.0935108, 24.4390868 ] ] ] ] } },
{ "type": "Feature", "properties": { "osm_id": "183556674", "code": 8200, "fclass": "water", "name": null }, "geometry": { "type": "MultiPolygon", "coordinates": [ [ [ [ 118.0868502, 24.4405998 ], [ 118.0869017, 24.441138 ], [ 118.0876903, 24.441138 ], [ 118.0876221, 24.4405894 ], [ 118.0875562, 24.4400587 ], [ 118.0869039, 24.4401895 ], [ 118.0868956, 24.4402527 ], [ 118.0868502, 24.4405998 ] ] ] ] } },
{ "type": "Feature", "properties": { "osm_id": "189738268", "code": 8200, "fclass": "water", "name": null }, "geometry": { "type": "MultiPolygon", "coordinates": [ [ [ [ 118.1722765, 24.505774 ], [ 118.1724053, 24.5058936 ], [ 118.1725072, 24.5058009 ], [ 118.1723798, 24.5056831 ], [ 118.1722765, 24.505774 ] ] ] ] } },
{ "type": "Feature", "properties": { "osm_id": "189744258", "code": 8200, "fclass": "water", "name": null }, "geometry": { "type": "MultiPolygon", "coordinates": [ [ [ [ 118.1115541, 24.5557634 ], [ 118.111652, 24.5558037 ], [ 118.1118089, 24.5559061 ], [ 118.1119148, 24.5559635 ], [ 118.1120221, 24.5559866 ], [ 118.1120905, 24.5559927 ], [ 118.1122944, 24.5559903 ], [ 118.1127812, 24.5559732 ], [ 118.1129569, 24.5559525 ], [ 118.1131513, 24.5559244 ], [ 118.1132734, 24.555872 ], [ 118.1131931, 24.5556238 ], [ 118.1132145, 24.5553257 ], [ 118.1136812, 24.5527499 ], [ 118.1136115, 24.5527694 ], [ 118.113515, 24.5527645 ], [ 118.1134506, 24.5527353 ], [ 118.1134184, 24.5526328 ], [ 118.1134345, 24.5525103 ], [ 118.1137518, 24.5515375 ], [ 118.1130048, 24.5513038 ], [ 118.112951, 24.5514415 ], [ 118.1123039, 24.5544533 ], [ 118.1121496, 24.5552161 ], [ 118.1122079, 24.555398 ], [ 118.112215, 24.5555871 ], [ 118.1121697, 24.5557936 ], [ 118.1115541, 24.5557634 ] ] ] ] } },
{ "type": "Feature", "properties": { "osm_id": "198747642", "code": 8203, "fclass": "dock", "name": null }, "geometry": { "type": "MultiPolygon", "coordinates": [ [ [ [ 118.168999, 24.5182794 ], [ 118.169715, 24.5189013 ], [ 118.1697633, 24.51885 ], [ 118.1690445, 24.5182351 ], [ 118.168999, 24.5182794 ] ] ] ] } },
{ "type": "Feature", "properties": { "osm_id": "198747648", "code": 8203, "fclass": "dock", "name": null }, "geometry": { "type": "MultiPolygon", "coordinates": [ [ [ [ 118.1690713, 24.5190428 ], [ 118.1695729, 24.5190428 ], [ 118.1695783, 24.5188159 ], [ 118.1690767, 24.5188085 ], [ 118.1690713, 24.5190428 ] ] ] ] } },
{ "type": "Feature", "properties": { "osm_id": "222026849", "code": 8200, "fclass": "water", "name": null }, "geometry": { "type": "MultiPolygon", "coordinates": [ [ [ [ 118.1707075, 24.4933558 ], [ 118.1707075, 24.4934241 ], [ 118.1707104, 24.4935044 ], [ 118.1707366, 24.4934542 ], [ 118.1707533, 24.493397 ], [ 118.170764, 24.4933165 ], [ 118.1707719, 24.4932337 ], [ 118.1707692, 24.4931556 ], [ 118.170737, 24.4932117 ], [ 118.1707183, 24.4932801 ], [ 118.1707075, 24.4933558 ] ] ] ] } },
{ "type": "Feature", "properties": { "osm_id": "253441230", "code": 8201, "fclass": "reservoir", "name": "东山水库" }, "geometry": { "type": "MultiPolygon", "coordinates": [ [ [ [ 118.1348955, 24.4708361 ], [ 118.1351928, 24.4709225 ], [ 118.1353002, 24.470994 ], [ 118.1353746, 24.4710879 ], [ 118.135367, 24.4714659 ], [ 118.1358561, 24.4717089 ], [ 118.1362634, 24.4716452 ], [ 118.1364616, 24.4717825 ], [ 118.1366309, 24.4718764 ], [ 118.1366619, 24.4719253 ], [ 118.1367197, 24.4719385 ], [ 118.1367425, 24.4719873 ], [ 118.1367404, 24.4720324 ], [ 118.1367796, 24.4721039 ], [ 118.137052, 24.4725312 ], [ 118.1377165, 24.4724915 ], [ 118.1383201, 24.4718972 ], [ 118.1381328, 24.471156 ], [ 118.1379867, 24.4711825 ], [ 118.1379108, 24.4710922 ], [ 118.1379283, 24.4709167 ], [ 118.1380685, 24.4707094 ], [ 118.1382883, 24.4705368 ], [ 118.1384233, 24.4705336 ], [ 118.1384354, 24.4701997 ], [ 118.1380685, 24.4702469 ], [ 118.1376304, 24.470518 ], [ 118.1374552, 24.4705499 ], [ 118.1369295, 24.4701459 ], [ 118.1366258, 24.4700076 ], [ 118.1363805, 24.4697152 ], [ 118.136287, 24.4694973 ], [ 118.1362636, 24.4691996 ], [ 118.1361702, 24.4690135 ], [ 118.1359774, 24.4688753 ], [ 118.1358898, 24.4686998 ], [ 118.1357788, 24.4684287 ], [ 118.135662, 24.4682639 ], [ 118.1355861, 24.4683011 ], [ 118.1357204, 24.4684925 ], [ 118.1357555, 24.468737 ], [ 118.1359307, 24.4690347 ], [ 118.1359716, 24.4692527 ], [ 118.1358898, 24.4695717 ], [ 118.135919, 24.4698109 ], [ 118.1360242, 24.4700236 ], [ 118.1361293, 24.4702256 ], [ 118.1360884, 24.4703585 ], [ 118.1361293, 24.4705021 ], [ 118.1360592, 24.4706137 ], [ 118.1359307, 24.4706137 ], [ 118.1358197, 24.4706881 ], [ 118.135773, 24.4707891 ], [ 118.1356153, 24.4708476 ], [ 118.1353044, 24.4707571 ], [ 118.1349946, 24.4707308 ], [ 118.1348955, 24.4708361 ] ] ] ] } },
{ "type": "Feature", "properties": { "osm_id": "253558423", "code": 8200, "fclass": "water", "name": null }, "geometry": { "type": "MultiPolygon", "coordinates": [ [ [ [ 118.1503585, 24.4774177 ], [ 118.1503649, 24.4774885 ], [ 118.1503891, 24.4775372 ], [ 118.1504528, 24.4775754 ], [ 118.1505088, 24.4775661 ], [ 118.1505547, 24.4775325 ], [ 118.1505789, 24.4774873 ], [ 118.1505712, 24.477449 ], [ 118.150547, 24.4774061 ], [ 118.1505266, 24.4773679 ], [ 118.1505305, 24.4773319 ], [ 118.1505483, 24.4773076 ], [ 118.1505776, 24.4772995 ], [ 118.1506413, 24.4772983 ], [ 118.1506629, 24.4772844 ], [ 118.1506642, 24.4772647 ], [ 118.1506489, 24.4772438 ], [ 118.1506273, 24.4772148 ], [ 118.150612, 24.4771754 ], [ 118.150612, 24.4771372 ], [ 118.1506719, 24.4770282 ], [ 118.1506094, 24.4770038 ], [ 118.1505865, 24.4770757 ], [ 118.15057, 24.477114 ], [ 118.1505725, 24.4771522 ], [ 118.1505827, 24.4771766 ], [ 118.1505763, 24.4772148 ], [ 118.1505496, 24.4772311 ], [ 118.1504833, 24.4772264 ], [ 118.1504107, 24.4772276 ], [ 118.150375, 24.4772786 ], [ 118.150361, 24.4773319 ], [ 118.1503585, 24.4774177 ] ] ] ] } },
{ "type": "Feature", "properties": { "osm_id": "3398691", "code": 8200, "fclass": "water", "name": null }, "geometry": { "type": "MultiPolygon", "coordinates": [ [ [ [ 118.1570092, 24.461556 ], [ 118.157025, 24.4616349 ], [ 118.1570776, 24.4617019 ], [ 118.1572037, 24.4617019 ], [ 118.1572064, 24.4617737 ], [ 118.1572826, 24.4617737 ], [ 118.1573746, 24.4617402 ], [ 118.1574876, 24.4616995 ], [ 118.1576138, 24.4616875 ], [ 118.1577058, 24.4617187 ], [ 118.1577794, 24.4617689 ], [ 118.157853, 24.4618239 ], [ 118.1579371, 24.4618598 ], [ 118.1580291, 24.461867 ], [ 118.1581132, 24.4618455 ], [ 118.1581369, 24.4618191 ], [ 118.1581421, 24.4617258 ], [ 118.158242, 24.4617234 ], [ 118.158242, 24.4615536 ], [ 118.1585128, 24.4615583 ], [ 118.1585102, 24.4613717 ], [ 118.1587073, 24.4613621 ], [ 118.1587204, 24.4611588 ], [ 118.1586915, 24.4610798 ], [ 118.1586284, 24.461032 ], [ 118.1584891, 24.4609769 ], [ 118.1583997, 24.4609721 ], [ 118.1582683, 24.4609841 ], [ 118.1581027, 24.4608908 ], [ 118.1579844, 24.4608118 ], [ 118.1578819, 24.4607951 ], [ 118.1576585, 24.4608453 ], [ 118.1574403, 24.460886 ], [ 118.1573798, 24.4609315 ], [ 118.1572537, 24.4609315 ], [ 118.1571827, 24.4609793 ], [ 118.1571065, 24.4610487 ], [ 118.1570776, 24.4611348 ], [ 118.1571012, 24.4612425 ], [ 118.1570933, 24.4613143 ], [ 118.1570408, 24.4614172 ], [ 118.1570092, 24.461556 ] ], [ [ 118.1573096, 24.4610575 ], [ 118.1573486, 24.4610237 ], [ 118.1574211, 24.4610068 ], [ 118.1575289, 24.4610338 ], [ 118.1576721, 24.461044 ], [ 118.1577446, 24.4610558 ], [ 118.157765, 24.461088 ], [ 118.157765, 24.4611489 ], [ 118.1577111, 24.4612352 ], [ 118.1576535, 24.4612673 ], [ 118.1575959, 24.4613367 ], [ 118.1575382, 24.461423 ], [ 118.1574843, 24.4614602 ], [ 118.1574044, 24.4614551 ], [ 118.1573412, 24.4614314 ], [ 118.1573189, 24.4613925 ], [ 118.1573431, 24.4612656 ], [ 118.1573412, 24.4611912 ], [ 118.1573152, 24.4611083 ], [ 118.1573096, 24.4610575 ] ] ] ] } },
{ "type": "Feature", "properties": { "osm_id": "3615187", "code": 8200, "fclass": "water", "name": null }, "geometry": { "type": "MultiPolygon", "coordinates": [ [ [ [ 118.168373, 24.5148393 ], [ 118.1684211, 24.5149129 ], [ 118.1686313, 24.5150814 ], [ 118.1687309, 24.5151625 ], [ 118.1689302, 24.5152041 ], [ 118.1690017, 24.5152393 ], [ 118.1690931, 24.5153363 ], [ 118.1690814, 24.5153917 ], [ 118.1692419, 24.5155154 ], [ 118.1693416, 24.5155848 ], [ 118.1694142, 24.515797 ], [ 118.1695092, 24.5159292 ], [ 118.1695537, 24.5159857 ], [ 118.1696322, 24.5159591 ], [ 118.1696932, 24.5159676 ], [ 118.1697764, 24.5159985 ], [ 118.1698069, 24.5160316 ], [ 118.1698666, 24.516039 ], [ 118.1698936, 24.5160902 ], [ 118.1700682, 24.5165338 ], [ 118.1701444, 24.5166074 ], [ 118.1701889, 24.5165914 ], [ 118.170237, 24.5166415 ], [ 118.1702804, 24.5167578 ], [ 118.1702991, 24.5168985 ], [ 118.1704773, 24.5172878 ], [ 118.1705628, 24.5172558 ], [ 118.1707632, 24.5176951 ], [ 118.1707035, 24.517725 ], [ 118.1707199, 24.517774 ], [ 118.1707574, 24.5177655 ], [ 118.1707644, 24.5177836 ], [ 118.1708207, 24.5177666 ], [ 118.1708511, 24.5178369 ], [ 118.1708148, 24.5178465 ], [ 118.170823, 24.5178956 ], [ 118.1706812, 24.5179532 ], [ 118.1708394, 24.5183125 ], [ 118.1709273, 24.5183808 ], [ 118.1711641, 24.5189022 ], [ 118.1711289, 24.5190142 ], [ 118.1712039, 24.5191645 ], [ 118.1712731, 24.5192477 ], [ 118.1713563, 24.5193746 ], [ 118.1713375, 24.5195239 ], [ 118.1712754, 24.5196657 ], [ 118.1712672, 24.5197905 ], [ 118.1713082, 24.519928 ], [ 118.1713606, 24.520013 ], [ 118.1714419, 24.5200517 ], [ 118.1716938, 24.5200955 ], [ 118.1719282, 24.5201669 ], [ 118.1721814, 24.5202735 ], [ 118.1726233, 24.5205572 ], [ 118.1727475, 24.5206318 ], [ 118.172962, 24.5204761 ], [ 118.1730628, 24.5204506 ], [ 118.1731671, 24.5203919 ], [ 118.1731788, 24.5204538 ], [ 118.1730218, 24.5205081 ], [ 118.1727452, 24.5207257 ], [ 118.1727604, 24.5209816 ], [ 118.1726912, 24.5211671 ], [ 118.1726737, 24.521342 ], [ 118.1727053, 24.5214252 ], [ 118.173071, 24.5215723 ], [ 118.1735574, 24.5217429 ], [ 118.1738457, 24.5219008 ], [ 118.1741258, 24.522113 ], [ 118.1742864, 24.5222036 ], [ 118.1743391, 24.5222228 ], [ 118.1743743, 24.5222068 ], [ 118.1744141, 24.5221631 ], [ 118.174427, 24.5220703 ], [ 118.1744294, 24.5218027 ], [ 118.1744763, 24.521632 ], [ 118.17457, 24.5214582 ], [ 118.1745946, 24.521358 ], [ 118.1746474, 24.521326 ], [ 118.1746978, 24.5213239 ], [ 118.1747564, 24.5212642 ], [ 118.1748091, 24.5212375 ], [ 118.1748255, 24.5212013 ], [ 118.1747728, 24.5211981 ], [ 118.1747658, 24.5211309 ], [ 118.1747927, 24.5210882 ], [ 118.1748583, 24.5210872 ], [ 118.1749416, 24.5210733 ], [ 118.1749931, 24.5210114 ], [ 118.1750388, 24.5209261 ], [ 118.1751361, 24.5208984 ], [ 118.1753225, 24.5208526 ], [ 118.1753928, 24.5207331 ], [ 118.1754549, 24.5206596 ], [ 118.175585, 24.5205785 ], [ 118.1756225, 24.5205241 ], [ 118.1755956, 24.5204538 ], [ 118.1754795, 24.5203631 ], [ 118.1754338, 24.5202661 ], [ 118.1754432, 24.5201861 ], [ 118.1754877, 24.5201029 ], [ 118.1755909, 24.5200571 ], [ 118.1755862, 24.5200336 ], [ 118.1754491, 24.5200517 ], [ 118.1752299, 24.5200539 ], [ 118.1751713, 24.5200144 ], [ 118.1751526, 24.5198244 ], [ 118.175088, 24.5196823 ], [ 118.1750681, 24.5194395 ], [ 118.1750897, 24.5191704 ], [ 118.1749488, 24.5190595 ], [ 118.1746604, 24.5189562 ], [ 118.1744068, 24.5189027 ], [ 118.1741424, 24.5187277 ], [ 118.1739045, 24.5186282 ], [ 118.1736841, 24.5185882 ], [ 118.1733567, 24.518534 ], [ 118.1732606, 24.5184314 ], [ 118.1731653, 24.5182256 ], [ 118.1731288, 24.5179692 ], [ 118.1731239, 24.5179006 ], [ 118.1731661, 24.5178636 ], [ 118.1732763, 24.5179149 ], [ 118.1733095, 24.5179933 ], [ 118.173341, 24.5181102 ], [ 118.1733733, 24.5181879 ], [ 118.1734255, 24.5182218 ], [ 118.1734777, 24.5181592 ], [ 118.1734902, 24.5180619 ], [ 118.173457, 24.5179715 ], [ 118.1733982, 24.5179217 ], [ 118.1733584, 24.5177385 ], [ 118.1732432, 24.5175809 ], [ 118.1732365, 24.5174918 ], [ 118.1734322, 24.5174118 ], [ 118.1734744, 24.5173319 ], [ 118.1736303, 24.5172274 ], [ 118.1734521, 24.5171954 ], [ 118.1734381, 24.5172817 ], [ 118.1733748, 24.5173425 ], [ 118.1732646, 24.5173734 ], [ 118.1731872, 24.5173084 ], [ 118.1731919, 24.5171367 ], [ 118.173104, 24.5170002 ], [ 118.1729564, 24.5169202 ], [ 118.1727782, 24.5167944 ], [ 118.1726469, 24.5167891 ], [ 118.1724946, 24.5167539 ], [ 118.1723996, 24.5166643 ], [ 118.1722227, 24.5165427 ], [ 118.1721312, 24.5164884 ], [ 118.1720984, 24.5165097 ], [ 118.1721195, 24.5165641 ], [ 118.1723235, 24.5167678 ], [ 118.1723387, 24.5167997 ], [ 118.1722273, 24.5169768 ], [ 118.172123, 24.5171207 ], [ 118.1719308, 24.5171794 ], [ 118.1716753, 24.517221 ], [ 118.1714925, 24.5172572 ], [ 118.1714468, 24.5171687 ], [ 118.1714468, 24.517093 ], [ 118.171496, 24.5170567 ], [ 118.1715868, 24.5170499 ], [ 118.1715797, 24.5169486 ], [ 118.1715305, 24.5168292 ], [ 118.1714473, 24.5167375 ], [ 118.1712879, 24.5166223 ], [ 118.1711918, 24.5165487 ], [ 118.1711121, 24.5164538 ], [ 118.1710664, 24.5164112 ], [ 118.1709632, 24.516376 ], [ 118.1708742, 24.5163205 ], [ 118.1707921, 24.5162181 ], [ 118.1707077, 24.516184 ], [ 118.1705542, 24.5161382 ], [ 118.1705847, 24.5159846 ], [ 118.1706409, 24.5158396 ], [ 118.1707066, 24.51575 ], [ 118.1707781, 24.515718 ], [ 118.1708742, 24.5157393 ], [ 118.1708753, 24.515638 ], [ 118.1708003, 24.5155922 ], [ 118.1706573, 24.5155623 ], [ 118.1705401, 24.5156263 ], [ 118.1704065, 24.515637 ], [ 118.1703339, 24.5155549 ], [ 118.1702811, 24.5155239 ], [ 118.1702764, 24.5155836 ], [ 118.1703151, 24.5156391 ], [ 118.1703866, 24.5156711 ], [ 118.170444, 24.5156946 ], [ 118.1705261, 24.5156882 ], [ 118.1705413, 24.5157159 ], [ 118.170553, 24.5158001 ], [ 118.1705132, 24.5158961 ], [ 118.1703421, 24.5160752 ], [ 118.1702272, 24.5160166 ], [ 118.1701112, 24.5158908 ], [ 118.1697291, 24.5156242 ], [ 118.1696998, 24.515574 ], [ 118.1697467, 24.5151912 ], [ 118.1698486, 24.5150931 ], [ 118.1699061, 24.5150515 ], [ 118.1700104, 24.5151144 ], [ 118.1700854, 24.515123 ], [ 118.1701135, 24.5150302 ], [ 118.1701159, 24.5149076 ], [ 118.1700549, 24.5148361 ], [ 118.1699611, 24.5147999 ], [ 118.169851, 24.5147711 ], [ 118.1698533, 24.5146932 ], [ 118.1698967, 24.5146186 ], [ 118.1698791, 24.5146122 ], [ 118.169776, 24.5147231 ], [ 118.1696435, 24.5147487 ], [ 118.1693446, 24.5146804 ], [ 118.1691442, 24.5146772 ], [ 118.1687434, 24.5146996 ], [ 118.1684984, 24.514706 ], [ 118.168407, 24.5147775 ], [ 118.168373, 24.5148393 ] ], [ [ 118.1716555, 24.5174441 ], [ 118.1716722, 24.5173916 ], [ 118.1718048, 24.5172996 ], [ 118.1719805, 24.517277 ], [ 118.1720733, 24.5172514 ], [ 118.1721678, 24.5171503 ], [ 118.1722589, 24.5169965 ], [ 118.1723617, 24.5168864 ], [ 118.1724214, 24.5168336 ], [ 118.172486, 24.5168381 ], [ 118.1726435, 24.5169226 ], [ 118.172723, 24.516989 ], [ 118.1728175, 24.5172257 ], [ 118.1728474, 24.5173946 ], [ 118.1729286, 24.517562 ], [ 118.1729617, 24.5176419 ], [ 118.172902, 24.5177068 ], [ 118.1725026, 24.5179481 ], [ 118.1724529, 24.5179315 ], [ 118.1724214, 24.5178621 ], [ 118.1723667, 24.5178727 ], [ 118.1723667, 24.5179194 ], [ 118.1723402, 24.5179315 ], [ 118.1723302, 24.5178727 ], [ 118.1723203, 24.5178244 ], [ 118.1722639, 24.5178124 ], [ 118.1722291, 24.5178531 ], [ 118.172128, 24.5178636 ], [ 118.1720816, 24.5179074 ], [ 118.1720716, 24.5179722 ], [ 118.1721214, 24.5179828 ], [ 118.1721363, 24.5180491 ], [ 118.1721313, 24.5181351 ], [ 118.1720468, 24.5181818 ], [ 118.1720186, 24.5182512 ], [ 118.1719738, 24.5182753 ], [ 118.1719307, 24.5182376 ], [ 118.1719175, 24.5181773 ], [ 118.171833, 24.5180898 ], [ 118.171818, 24.5180144 ], [ 118.1718578, 24.51793 ], [ 118.1718462, 24.5178742 ], [ 118.1717816, 24.5178666 ], [ 118.1717584, 24.5178998 ], [ 118.1717302, 24.5178787 ], [ 118.1717434, 24.5177716 ], [ 118.1717899, 24.5177204 ], [ 118.1717899, 24.5176208 ], [ 118.1716904, 24.517556 ], [ 118.1716584, 24.5174974 ], [ 118.1716555, 24.5174441 ] ], [ [ 118.1720344, 24.5185281 ], [ 118.172045, 24.5184801 ], [ 118.1721751, 24.5183362 ], [ 118.1724282, 24.5181197 ], [ 118.1728291, 24.517835 ], [ 118.1729158, 24.5177422 ], [ 118.1729556, 24.5177347 ], [ 118.1730049, 24.5179064 ], [ 118.1730541, 24.5180365 ], [ 118.1730471, 24.5182071 ], [ 118.1730904, 24.5183426 ], [ 118.1731842, 24.5184727 ], [ 118.1733143, 24.5185846 ], [ 118.1735065, 24.518623 ], [ 118.1738698, 24.5186966 ], [ 118.1741593, 24.518815 ], [ 118.1743527, 24.5189792 ], [ 118.1746516, 24.5190847 ], [ 118.1748836, 24.519185 ], [ 118.1749258, 24.5192809 ], [ 118.1748942, 24.5194345 ], [ 118.17492, 24.5195891 ], [ 118.1748602, 24.5196392 ], [ 118.1745754, 24.5196702 ], [ 118.1743843, 24.5197245 ], [ 118.174239, 24.5197245 ], [ 118.1740468, 24.5198173 ], [ 118.173919, 24.5199368 ], [ 118.1737573, 24.520054 ], [ 118.1736061, 24.5201372 ], [ 118.1735592, 24.5202119 ], [ 118.1734913, 24.5202161 ], [ 118.1734338, 24.5201607 ], [ 118.1733049, 24.5201106 ], [ 118.1733037, 24.5200594 ], [ 118.1732604, 24.5200572 ], [ 118.173217, 24.5200743 ], [ 118.1728818, 24.5199527 ], [ 118.1728595, 24.5199229 ], [ 118.1728361, 24.5198952 ], [ 118.1727236, 24.5198376 ], [ 118.1726052, 24.5197331 ], [ 118.1725255, 24.5196488 ], [ 118.172481, 24.5195358 ], [ 118.1725314, 24.5194718 ], [ 118.1726005, 24.5194206 ], [ 118.1726134, 24.5193556 ], [ 118.1724376, 24.5193727 ], [ 118.1723755, 24.5193385 ], [ 118.1722946, 24.5191914 ], [ 118.1721856, 24.5189291 ], [ 118.1720344, 24.5185281 ] ], [ [ 118.1721753, 24.5198929 ], [ 118.1721952, 24.5198354 ], [ 118.1723582, 24.519813 ], [ 118.1724015, 24.51983 ], [ 118.1724214, 24.5198663 ], [ 118.1723875, 24.5198887 ], [ 118.1721835, 24.5199143 ], [ 118.1721753, 24.5198929 ] ], [ [ 118.1728911, 24.5170798 ], [ 118.1729368, 24.5170563 ], [ 118.1729766, 24.5170755 ], [ 118.1730657, 24.5174072 ], [ 118.1731384, 24.5175298 ], [ 118.1731665, 24.5176077 ], [ 118.1731548, 24.5176738 ], [ 118.1731771, 24.5177314 ], [ 118.1731571, 24.5177996 ], [ 118.1731056, 24.5178231 ], [ 118.1730575, 24.5177537 ], [ 118.1730177, 24.5176716 ], [ 118.1730013, 24.5176077 ], [ 118.1729813, 24.5174744 ], [ 118.1729485, 24.5173997 ], [ 118.1729614, 24.5173763 ], [ 118.1729134, 24.5171694 ], [ 118.1728911, 24.5170798 ] ], [ [ 118.1734758, 24.5206992 ], [ 118.1734933, 24.5206117 ], [ 118.1735332, 24.5205499 ], [ 118.1735941, 24.5205392 ], [ 118.1736492, 24.5205552 ], [ 118.1736867, 24.5205989 ], [ 118.1737465, 24.5206331 ], [ 118.1737711, 24.5206661 ], [ 118.1737383, 24.5207312 ], [ 118.1736879, 24.5207727 ], [ 118.1736047, 24.5207877 ], [ 118.1735238, 24.5207887 ], [ 118.1734758, 24.5206992 ] ], [ [ 118.1739751, 24.5204827 ], [ 118.1740454, 24.5204326 ], [ 118.1740594, 24.5203675 ], [ 118.1740841, 24.5203196 ], [ 118.1741415, 24.5202844 ], [ 118.1742118, 24.520262 ], [ 118.1742774, 24.5202652 ], [ 118.1743138, 24.5202193 ], [ 118.1743806, 24.5201905 ], [ 118.1744661, 24.5201969 ], [ 118.1744884, 24.5202204 ], [ 118.1745576, 24.5202737 ], [ 118.1746513, 24.5203025 ], [ 118.1746912, 24.5203355 ], [ 118.1747099, 24.5203942 ], [ 118.1746009, 24.5204326 ], [ 118.1745599, 24.5204742 ], [ 118.1745353, 24.5205659 ], [ 118.1744954, 24.5206725 ], [ 118.1744216, 24.5207077 ], [ 118.1742903, 24.520697 ], [ 118.1742657, 24.5206512 ], [ 118.1742259, 24.5206192 ], [ 118.1742118, 24.5206437 ], [ 118.1741555, 24.520648 ], [ 118.1741251, 24.5205765 ], [ 118.1740372, 24.5205552 ], [ 118.1739926, 24.520552 ], [ 118.1739751, 24.5204827 ] ], [ [ 118.1745376, 24.5207472 ], [ 118.1745658, 24.5207194 ], [ 118.1745927, 24.5207258 ], [ 118.174683, 24.5207631 ], [ 118.1748224, 24.5206522 ], [ 118.1748787, 24.5206395 ], [ 118.1749185, 24.5206768 ], [ 118.1749045, 24.5208101 ], [ 118.1748248, 24.5208858 ], [ 118.1747463, 24.5209444 ], [ 118.1746748, 24.5209594 ], [ 118.1746115, 24.5209028 ], [ 118.1745939, 24.5207994 ], [ 118.1745376, 24.5207472 ] ], [ [ 118.1748119, 24.5201852 ], [ 118.1748248, 24.5201468 ], [ 118.1749033, 24.5201042 ], [ 118.1750733, 24.5200636 ], [ 118.1751354, 24.5200764 ], [ 118.1751834, 24.520102 ], [ 118.175194, 24.5201799 ], [ 118.1751553, 24.5202289 ], [ 118.174949, 24.520295 ], [ 118.1748799, 24.5202566 ], [ 118.1748119, 24.5201852 ] ] ] ] } },
{ "type": "Feature", "properties": { "osm_id": "272536961", "code": 8201, "fclass": "reservoir", "name": null }, "geometry": { "type": "MultiPolygon", "coordinates": [ [ [ [ 118.1907466, 24.5162187 ], [ 118.1907711, 24.5167698 ], [ 118.1908486, 24.5168292 ], [ 118.1909893, 24.5167735 ], [ 118.191491, 24.5164599 ], [ 118.1917847, 24.5155878 ], [ 118.1908445, 24.5155915 ], [ 118.1908384, 24.5157381 ], [ 118.1908241, 24.5158903 ], [ 118.1908017, 24.5159849 ], [ 118.190765, 24.5161185 ], [ 118.1907894, 24.5161519 ], [ 118.1907466, 24.5162187 ] ] ] ] } },
{ "type": "Feature", "properties": { "osm_id": "272536962", "code": 8200, "fclass": "water", "name": null }, "geometry": { "type": "MultiPolygon", "coordinates": [ [ [ [ 118.1629511, 24.4648272 ], [ 118.1629947, 24.4648875 ], [ 118.162979, 24.4649042 ], [ 118.1630191, 24.4649455 ], [ 118.1630322, 24.4649336 ], [ 118.1630741, 24.4649638 ], [ 118.1631788, 24.4649233 ], [ 118.1632547, 24.4648335 ], [ 118.1632713, 24.4648335 ], [ 118.1632975, 24.4648169 ], [ 118.1632984, 24.4647756 ], [ 118.1632792, 24.4646509 ], [ 118.1632251, 24.4646358 ], [ 118.1631884, 24.4646556 ], [ 118.1631474, 24.4646255 ], [ 118.1630985, 24.4646652 ], [ 118.1630287, 24.4647525 ], [ 118.1629511, 24.4648272 ] ] ] ] } },
{ "type": "Feature", "properties": { "osm_id": "272536963", "code": 8200, "fclass": "water", "name": null }, "geometry": { "type": "MultiPolygon", "coordinates": [ [ [ [ 118.1622263, 24.4658904 ], [ 118.1622399, 24.4659747 ], [ 118.1622917, 24.4660342 ], [ 118.162367, 24.4660555 ], [ 118.1624324, 24.4660454 ], [ 118.1624929, 24.4660039 ], [ 118.1625509, 24.4659803 ], [ 118.1627064, 24.4659646 ], [ 118.162752, 24.4659724 ], [ 118.1627952, 24.4659904 ], [ 118.1628335, 24.4659825 ], [ 118.1628446, 24.46595 ], [ 118.1628285, 24.4658601 ], [ 118.162794, 24.4658332 ], [ 118.1627668, 24.4657703 ], [ 118.1627273, 24.4657276 ], [ 118.1622424, 24.465786 ], [ 118.1622263, 24.4658904 ] ] ] ] } },
{ "type": "Feature", "properties": { "osm_id": "272536964", "code": 8200, "fclass": "water", "name": null }, "geometry": { "type": "MultiPolygon", "coordinates": [ [ [ [ 118.1618265, 24.4650188 ], [ 118.1618278, 24.4650559 ], [ 118.1618784, 24.4650952 ], [ 118.1620227, 24.4652075 ], [ 118.1621103, 24.4653131 ], [ 118.1621794, 24.4654063 ], [ 118.162852, 24.4654704 ], [ 118.1628976, 24.4654468 ], [ 118.1630148, 24.465175 ], [ 118.1630383, 24.4651166 ], [ 118.1630111, 24.4650615 ], [ 118.1629235, 24.4649436 ], [ 118.1628766, 24.4649121 ], [ 118.1628149, 24.4649032 ], [ 118.1626521, 24.4649357 ], [ 118.1625077, 24.4649515 ], [ 118.1623769, 24.4649346 ], [ 118.1622436, 24.4649032 ], [ 118.162177, 24.4649099 ], [ 118.1621103, 24.4649402 ], [ 118.1620129, 24.4649852 ], [ 118.1619672, 24.4649908 ], [ 118.1618882, 24.4649773 ], [ 118.1618475, 24.4649874 ], [ 118.1618265, 24.4650188 ] ] ] ] } },
{ "type": "Feature", "properties": { "osm_id": "274477143", "code": 8200, "fclass": "water", "name": null }, "geometry": { "type": "MultiPolygon", "coordinates": [ [ [ [ 118.0853444, 24.4873526 ], [ 118.0853709, 24.4873631 ], [ 118.0853895, 24.4873574 ], [ 118.0854125, 24.4873244 ], [ 118.0854391, 24.4873123 ], [ 118.0854594, 24.4873099 ], [ 118.0854674, 24.4873204 ], [ 118.0854753, 24.487322 ], [ 118.0854806, 24.4873091 ], [ 118.0854975, 24.4872866 ], [ 118.0855001, 24.4872664 ], [ 118.0855143, 24.4872447 ], [ 118.0855116, 24.4872238 ], [ 118.0854966, 24.4872068 ], [ 118.0855045, 24.4871932 ], [ 118.0855205, 24.4871698 ], [ 118.0855125, 24.4871545 ], [ 118.0854957, 24.487144 ], [ 118.0854824, 24.4871505 ], [ 118.0854541, 24.4871787 ], [ 118.0854373, 24.4872044 ], [ 118.0854037, 24.4872221 ], [ 118.0854001, 24.4872495 ], [ 118.0853877, 24.4872785 ], [ 118.0853592, 24.4873134 ], [ 118.0853444, 24.4873526 ] ] ] ] } },
{ "type": "Feature", "properties": { "osm_id": "276983358", "code": 8200, "fclass": "water", "name": null }, "geometry": { "type": "MultiPolygon", "coordinates": [ [ [ [ 118.1341356, 24.4668302 ], [ 118.1341918, 24.4668529 ], [ 118.1344143, 24.4668681 ], [ 118.1345766, 24.4668671 ], [ 118.1346848, 24.4668245 ], [ 118.1346452, 24.4667564 ], [ 118.1345516, 24.4666863 ], [ 118.1344445, 24.4666437 ], [ 118.134329, 24.4666693 ], [ 118.1341782, 24.466763 ], [ 118.1341356, 24.4668302 ] ] ] ] } },
{ "type": "Feature", "properties": { "osm_id": "276983359", "code": 8200, "fclass": "water", "name": null }, "geometry": { "type": "MultiPolygon", "coordinates": [ [ [ [ 118.1217026, 24.4328192 ], [ 118.1217108, 24.4329101 ], [ 118.1218335, 24.4329846 ], [ 118.121971, 24.4330054 ], [ 118.1220987, 24.4328698 ], [ 118.1221887, 24.432773 ], [ 118.1222852, 24.4327477 ], [ 118.1223785, 24.4325659 ], [ 118.1223638, 24.4323156 ], [ 118.1222492, 24.4322098 ], [ 118.122205, 24.4322023 ], [ 118.1219628, 24.4322932 ], [ 118.1218941, 24.4323454 ], [ 118.121809, 24.4325063 ], [ 118.1217108, 24.4326568 ], [ 118.1217419, 24.4327447 ], [ 118.1217026, 24.4328192 ] ] ] ] } },
{ "type": "Feature", "properties": { "osm_id": "276983363", "code": 8200, "fclass": "water", "name": "日月潭" }, "geometry": { "type": "MultiPolygon", "coordinates": [ [ [ [ 118.1329692, 24.4360541 ], [ 118.1329988, 24.4362865 ], [ 118.1330581, 24.4363674 ], [ 118.133384, 24.4365438 ], [ 118.1338764, 24.4366621 ], [ 118.1340405, 24.436687 ], [ 118.1341659, 24.4366683 ], [ 118.1342753, 24.4365604 ], [ 118.1342206, 24.4364733 ], [ 118.1336963, 24.4358735 ], [ 118.1333521, 24.4352385 ], [ 118.1330832, 24.4352115 ], [ 118.1330262, 24.435224 ], [ 118.1330125, 24.4352759 ], [ 118.1331447, 24.4355623 ], [ 118.1331584, 24.4356349 ], [ 118.1331128, 24.4356992 ], [ 118.1330558, 24.4357822 ], [ 118.1329829, 24.4359026 ], [ 118.1329692, 24.4360541 ] ] ] ] } },
{ "type": "Feature", "properties": { "osm_id": "276983364", "code": 8200, "fclass": "water", "name": null }, "geometry": { "type": "MultiPolygon", "coordinates": [ [ [ [ 118.1284393, 24.4377386 ], [ 118.1285199, 24.437845 ], [ 118.1287501, 24.4379425 ], [ 118.1289826, 24.4379031 ], [ 118.1292037, 24.4377931 ], [ 118.1292812, 24.4377889 ], [ 118.129443, 24.437681 ], [ 118.1295707, 24.4375524 ], [ 118.1296391, 24.4373905 ], [ 118.1291923, 24.4364899 ], [ 118.1290783, 24.4364608 ], [ 118.1289347, 24.4364753 ], [ 118.1288914, 24.4365957 ], [ 118.1289324, 24.4367493 ], [ 118.1289986, 24.4368343 ], [ 118.1289735, 24.4369734 ], [ 118.12888, 24.437129 ], [ 118.1287722, 24.4371781 ], [ 118.1286875, 24.4372749 ], [ 118.1284909, 24.4375596 ], [ 118.1284393, 24.4377386 ] ] ] ] } },
{ "type": "Feature", "properties": { "osm_id": "276983367", "code": 8200, "fclass": "water", "name": null }, "geometry": { "type": "MultiPolygon", "coordinates": [ [ [ [ 118.1403724, 24.4735615 ], [ 118.140435, 24.4736225 ], [ 118.1404707, 24.4737879 ], [ 118.140715, 24.4737703 ], [ 118.1407388, 24.4736578 ], [ 118.1406509, 24.4735371 ], [ 118.1405556, 24.47351 ], [ 118.1404305, 24.4735032 ], [ 118.1403724, 24.4735615 ] ] ] ] } },
{ "type": "Feature", "properties": { "osm_id": "277748200", "code": 8200, "fclass": "water", "name": null }, "geometry": { "type": "MultiPolygon", "coordinates": [ [ [ [ 118.0811792, 24.4892277 ], [ 118.0811857, 24.4892492 ], [ 118.0811953, 24.4892727 ], [ 118.0811986, 24.4892932 ], [ 118.0811953, 24.4893196 ], [ 118.0811867, 24.4893519 ], [ 118.0811867, 24.4893968 ], [ 118.0812781, 24.4893959 ], [ 118.0812813, 24.4891603 ], [ 118.08119, 24.4891573 ], [ 118.0811803, 24.489173 ], [ 118.0811792, 24.4892277 ] ] ] ] } },
{ "type": "Feature", "properties": { "osm_id": "277748202", "code": 8200, "fclass": "water", "name": null }, "geometry": { "type": "MultiPolygon", "coordinates": [ [ [ [ 118.0848285, 24.4875558 ], [ 118.0848298, 24.4875665 ], [ 118.08485, 24.4875878 ], [ 118.0848793, 24.487611 ], [ 118.0849035, 24.4875985 ], [ 118.0849146, 24.4875819 ], [ 118.0849374, 24.4875783 ], [ 118.0849746, 24.4875807 ], [ 118.084998, 24.4875718 ], [ 118.0850052, 24.4875427 ], [ 118.0850248, 24.487535 ], [ 118.0850346, 24.4875166 ], [ 118.0849935, 24.4874762 ], [ 118.0849524, 24.4874946 ], [ 118.0848598, 24.4875362 ], [ 118.0848285, 24.4875558 ] ] ] ] } },
{ "type": "Feature", "properties": { "osm_id": "279531050", "code": 8200, "fclass": "water", "name": null }, "geometry": { "type": "MultiPolygon", "coordinates": [ [ [ [ 118.1268289, 24.4501035 ], [ 118.1268339, 24.4501209 ], [ 118.1268619, 24.4501359 ], [ 118.1268466, 24.4501625 ], [ 118.1270116, 24.4502722 ], [ 118.1271157, 24.4502237 ], [ 118.127169, 24.4501417 ], [ 118.1271601, 24.4500828 ], [ 118.1270852, 24.4500296 ], [ 118.1269824, 24.4500192 ], [ 118.1268619, 24.4500631 ], [ 118.1268289, 24.4501035 ] ] ] ] } },
{ "type": "Feature", "properties": { "osm_id": "279531051", "code": 8200, "fclass": "water", "name": null }, "geometry": { "type": "MultiPolygon", "coordinates": [ [ [ [ 118.1281442, 24.4545885 ], [ 118.1281772, 24.4546335 ], [ 118.1282115, 24.4546555 ], [ 118.1282673, 24.454682 ], [ 118.1282521, 24.4547075 ], [ 118.1284437, 24.4548738 ], [ 118.12853, 24.4549223 ], [ 118.1285884, 24.4548807 ], [ 118.1285427, 24.4548403 ], [ 118.1286024, 24.4547698 ], [ 118.1285808, 24.4545781 ], [ 118.1285173, 24.4545469 ], [ 118.1284755, 24.4544891 ], [ 118.1283841, 24.4545134 ], [ 118.128313, 24.4544903 ], [ 118.1281442, 24.4545885 ] ] ] ] } },
{ "type": "Feature", "properties": { "osm_id": "279720906", "code": 8200, "fclass": "water", "name": "塔头水库" }, "geometry": { "type": "MultiPolygon", "coordinates": [ [ [ [ 118.1349528, 24.4370757 ], [ 118.1350997, 24.4371659 ], [ 118.1351065, 24.4372188 ], [ 118.135028, 24.4373526 ], [ 118.1349904, 24.4374241 ], [ 118.1350314, 24.4375672 ], [ 118.1349801, 24.437676 ], [ 118.1350553, 24.4378875 ], [ 118.1351305, 24.4381457 ], [ 118.1351749, 24.4384194 ], [ 118.1353184, 24.4386123 ], [ 118.1354345, 24.4386402 ], [ 118.1355029, 24.4385625 ], [ 118.1355985, 24.4386185 ], [ 118.1358411, 24.4385874 ], [ 118.1360153, 24.4384723 ], [ 118.1359197, 24.4381208 ], [ 118.1358684, 24.4379964 ], [ 118.1356942, 24.4379529 ], [ 118.1356156, 24.4378751 ], [ 118.1355678, 24.4376449 ], [ 118.1356327, 24.4375143 ], [ 118.1356737, 24.4373526 ], [ 118.1356327, 24.4373028 ], [ 118.1356668, 24.4371473 ], [ 118.1356498, 24.4370695 ], [ 118.1357147, 24.4369202 ], [ 118.1355985, 24.4367678 ], [ 118.1353389, 24.4367305 ], [ 118.1351065, 24.4367802 ], [ 118.1349528, 24.4370757 ] ] ] ] } },
{ "type": "Feature", "properties": { "osm_id": "308994679", "code": 8200, "fclass": "water", "name": null }, "geometry": { "type": "MultiPolygon", "coordinates": [ [ [ [ 118.1227751, 24.4880389 ], [ 118.1228294, 24.4880966 ], [ 118.122923, 24.4881021 ], [ 118.1229425, 24.4880597 ], [ 118.1230065, 24.4880189 ], [ 118.1230556, 24.4880112 ], [ 118.1230663, 24.48805 ], [ 118.1230684, 24.4881316 ], [ 118.1230706, 24.4882054 ], [ 118.1230983, 24.4882831 ], [ 118.123173, 24.4883336 ], [ 118.1233267, 24.4882676 ], [ 118.1233758, 24.4883083 ], [ 118.1234441, 24.4882656 ], [ 118.1234164, 24.4882093 ], [ 118.1234932, 24.4881568 ], [ 118.1234825, 24.4881005 ], [ 118.1235892, 24.4880325 ], [ 118.1235999, 24.4879917 ], [ 118.1235679, 24.4879121 ], [ 118.123506, 24.4879121 ], [ 118.1234313, 24.4878538 ], [ 118.123395, 24.4878752 ], [ 118.1232627, 24.4878286 ], [ 118.1231986, 24.4878655 ], [ 118.1230834, 24.4879548 ], [ 118.1230151, 24.487848 ], [ 118.1229468, 24.4878266 ], [ 118.1228445, 24.4878549 ], [ 118.1227992, 24.4878796 ], [ 118.1228083, 24.4879263 ], [ 118.1228053, 24.4880032 ], [ 118.1227751, 24.4880389 ] ] ] ] } },
{ "type": "Feature", "properties": { "osm_id": "378097937", "code": 8201, "fclass": "reservoir", "name": null }, "geometry": { "type": "MultiPolygon", "coordinates": [ [ [ [ 118.1363571, 24.4612405 ], [ 118.1363947, 24.4613119 ], [ 118.1364045, 24.4613833 ], [ 118.1363979, 24.461422 ], [ 118.1365663, 24.4614875 ], [ 118.1366546, 24.4614815 ], [ 118.1367494, 24.4613699 ], [ 118.1368197, 24.461303 ], [ 118.1368573, 24.4611809 ], [ 118.136859, 24.461105 ], [ 118.1368851, 24.4610291 ], [ 118.1368214, 24.460983 ], [ 118.1368263, 24.4609279 ], [ 118.1367772, 24.4609518 ], [ 118.1367086, 24.460986 ], [ 118.1366611, 24.4610649 ], [ 118.1366317, 24.4611303 ], [ 118.1365581, 24.4612047 ], [ 118.1364175, 24.4611646 ], [ 118.1363571, 24.4612405 ] ] ] ] } },
{ "type": "Feature", "properties": { "osm_id": "387174683", "code": 8200, "fclass": "water", "name": null }, "geometry": { "type": "MultiPolygon", "coordinates": [ [ [ [ 118.0915746, 24.4540719 ], [ 118.0915999, 24.4542556 ], [ 118.0916818, 24.4543532 ], [ 118.0917291, 24.4544249 ], [ 118.0916661, 24.4544623 ], [ 118.09183, 24.4546086 ], [ 118.0919309, 24.4545627 ], [ 118.091912, 24.4545168 ], [ 118.0918868, 24.4544077 ], [ 118.0918742, 24.4543446 ], [ 118.091912, 24.4542441 ], [ 118.0919057, 24.4541982 ], [ 118.0919152, 24.4541379 ], [ 118.0918931, 24.4540805 ], [ 118.0918647, 24.4540633 ], [ 118.0918742, 24.4540001 ], [ 118.091849, 24.4540088 ], [ 118.09183, 24.4540863 ], [ 118.091808, 24.4541264 ], [ 118.0917386, 24.4541437 ], [ 118.0917039, 24.4541437 ], [ 118.0916566, 24.454158 ], [ 118.0916251, 24.454115 ], [ 118.0915746, 24.4540719 ] ] ] ] } },
{ "type": "Feature", "properties": { "osm_id": "479151621", "code": 8200, "fclass": "water", "name": null }, "geometry": { "type": "MultiPolygon", "coordinates": [ [ [ [ 118.1101053, 24.4452885 ], [ 118.1101857, 24.4453788 ], [ 118.1101938, 24.4454887 ], [ 118.1101133, 24.4456499 ], [ 118.1101804, 24.4457426 ], [ 118.1102957, 24.4456743 ], [ 118.1105022, 24.4455864 ], [ 118.1106578, 24.4457231 ], [ 118.1107705, 24.445938 ], [ 118.1108509, 24.4460308 ], [ 118.1111594, 24.4459722 ], [ 118.1112801, 24.4457915 ], [ 118.1113632, 24.4456547 ], [ 118.1115859, 24.4455864 ], [ 118.1116234, 24.4454154 ], [ 118.1117173, 24.4453642 ], [ 118.1117656, 24.4452592 ], [ 118.111677, 24.4451322 ], [ 118.1114357, 24.4450736 ], [ 118.111331, 24.4450199 ], [ 118.1113847, 24.4449759 ], [ 118.110572, 24.4443411 ], [ 118.1103789, 24.4444363 ], [ 118.1103011, 24.4446487 ], [ 118.1103165, 24.444834 ], [ 118.1103252, 24.4449393 ], [ 118.1102957, 24.4451346 ], [ 118.1101401, 24.4452055 ], [ 118.1101053, 24.4452885 ] ] ] ] } },
{ "type": "Feature", "properties": { "osm_id": "3773014", "code": 8200, "fclass": "water", "name": null }, "geometry": { "type": "MultiPolygon", "coordinates": [ [ [ [ 118.0837016, 24.4621081 ], [ 118.0837123, 24.4622095 ], [ 118.0837565, 24.462294 ], [ 118.0838213, 24.4623915 ], [ 118.0838597, 24.4624129 ], [ 118.0839089, 24.4623813 ], [ 118.083958, 24.4623707 ], [ 118.0841179, 24.4624047 ], [ 118.0842075, 24.4624534 ], [ 118.0842143, 24.4625246 ], [ 118.0843071, 24.4626544 ], [ 118.0842943, 24.4627113 ], [ 118.0843615, 24.4626924 ], [ 118.0844371, 24.462684 ], [ 118.0845085, 24.4626895 ], [ 118.0846012, 24.4626845 ], [ 118.0846951, 24.462667 ], [ 118.084764, 24.4626406 ], [ 118.0848764, 24.4626288 ], [ 118.0849321, 24.4626217 ], [ 118.0849607, 24.4626678 ], [ 118.0849234, 24.4628419 ], [ 118.0848957, 24.4629547 ], [ 118.0848562, 24.4630968 ], [ 118.0848005, 24.4631244 ], [ 118.0846544, 24.463132 ], [ 118.0845564, 24.4631611 ], [ 118.0845334, 24.4632149 ], [ 118.0845775, 24.4633483 ], [ 118.0846944, 24.4634362 ], [ 118.0848684, 24.4634631 ], [ 118.0850852, 24.4634212 ], [ 118.0851573, 24.4634392 ], [ 118.0852109, 24.4634186 ], [ 118.0854025, 24.4634229 ], [ 118.0856245, 24.4634599 ], [ 118.0856925, 24.4634961 ], [ 118.0857487, 24.4635408 ], [ 118.085787, 24.4635685 ], [ 118.0858439, 24.4635797 ], [ 118.085949, 24.4635797 ], [ 118.0861428, 24.4636066 ], [ 118.0861805, 24.4636532 ], [ 118.0864627, 24.4636988 ], [ 118.0866888, 24.4637028 ], [ 118.0867406, 24.4636575 ], [ 118.0867421, 24.4634943 ], [ 118.0867241, 24.463304 ], [ 118.0866957, 24.463192 ], [ 118.0866125, 24.463194 ], [ 118.0865906, 24.4631297 ], [ 118.0866168, 24.4629974 ], [ 118.0866219, 24.4629147 ], [ 118.0866235, 24.462855 ], [ 118.0866151, 24.4627846 ], [ 118.0865697, 24.4626973 ], [ 118.086521, 24.4626193 ], [ 118.0864934, 24.4625908 ], [ 118.0864461, 24.4625085 ], [ 118.0863729, 24.4624684 ], [ 118.0862637, 24.4624616 ], [ 118.0861493, 24.4624478 ], [ 118.0860854, 24.4623269 ], [ 118.0860509, 24.4623262 ], [ 118.0860527, 24.4623041 ], [ 118.0859585, 24.4621495 ], [ 118.0859655, 24.4620729 ], [ 118.0858505, 24.4616829 ], [ 118.0858284, 24.4616283 ], [ 118.0857817, 24.4615505 ], [ 118.0856958, 24.4614745 ], [ 118.0855957, 24.4614421 ], [ 118.0854644, 24.4614319 ], [ 118.0853512, 24.4614438 ], [ 118.085219, 24.4614575 ], [ 118.0851464, 24.4614726 ], [ 118.0851182, 24.4614681 ], [ 118.0850873, 24.4614462 ], [ 118.0850909, 24.4613967 ], [ 118.0851106, 24.4613625 ], [ 118.0850395, 24.4613524 ], [ 118.085005, 24.4613222 ], [ 118.0849875, 24.4612842 ], [ 118.0850122, 24.4612324 ], [ 118.0850509, 24.4611882 ], [ 118.085033, 24.4611292 ], [ 118.0850112, 24.4610738 ], [ 118.0849747, 24.4610773 ], [ 118.0848108, 24.4610435 ], [ 118.0847346, 24.4610291 ], [ 118.0846364, 24.4610251 ], [ 118.0845833, 24.4610594 ], [ 118.0845219, 24.4610732 ], [ 118.0844407, 24.4610552 ], [ 118.0843594, 24.4610748 ], [ 118.0843128, 24.4611221 ], [ 118.0843038, 24.4612253 ], [ 118.0843528, 24.4612915 ], [ 118.084412, 24.4612268 ], [ 118.0845054, 24.4612933 ], [ 118.0844826, 24.4613248 ], [ 118.0846152, 24.4614169 ], [ 118.0844838, 24.461551 ], [ 118.0844644, 24.4615831 ], [ 118.0843808, 24.4615962 ], [ 118.0842567, 24.4616527 ], [ 118.0841409, 24.4617172 ], [ 118.0840618, 24.461743 ], [ 118.0839869, 24.4617773 ], [ 118.0839086, 24.4618547 ], [ 118.0837712, 24.4619391 ], [ 118.08373, 24.4620097 ], [ 118.0837016, 24.4621081 ] ], [ [ 118.0840079, 24.4622088 ], [ 118.0840196, 24.4620966 ], [ 118.0840364, 24.4620028 ], [ 118.0841268, 24.4619033 ], [ 118.0842066, 24.4618689 ], [ 118.084276, 24.4618153 ], [ 118.0843796, 24.4617318 ], [ 118.0844494, 24.4616972 ], [ 118.0846244, 24.4616656 ], [ 118.084676, 24.4617543 ], [ 118.084658, 24.4618496 ], [ 118.0845907, 24.4619243 ], [ 118.0845533, 24.461991 ], [ 118.0845561, 24.4620811 ], [ 118.0845774, 24.4621357 ], [ 118.0845551, 24.4621871 ], [ 118.0844843, 24.4622271 ], [ 118.0844463, 24.4622554 ], [ 118.0843874, 24.4623128 ], [ 118.0842697, 24.4623683 ], [ 118.0842129, 24.4623568 ], [ 118.0840601, 24.4623266 ], [ 118.0840152, 24.4622875 ], [ 118.0840079, 24.4622088 ] ], [ [ 118.0843181, 24.4625381 ], [ 118.0843223, 24.4624429 ], [ 118.0843781, 24.4623747 ], [ 118.0844489, 24.4623185 ], [ 118.0845922, 24.4622051 ], [ 118.0846305, 24.4621886 ], [ 118.0846809, 24.4622249 ], [ 118.084749, 24.4622378 ], [ 118.0859076, 24.4621942 ], [ 118.0859775, 24.4623089 ], [ 118.0860008, 24.4623387 ], [ 118.0860105, 24.4623852 ], [ 118.0860264, 24.4624264 ], [ 118.0859954, 24.4624756 ], [ 118.0853556, 24.4625274 ], [ 118.0851747, 24.462542 ], [ 118.0850797, 24.4625188 ], [ 118.0849667, 24.4625398 ], [ 118.0849297, 24.462561 ], [ 118.0847958, 24.4625696 ], [ 118.0846618, 24.4625951 ], [ 118.0845357, 24.462612 ], [ 118.0843616, 24.4626184 ], [ 118.0843181, 24.4625381 ] ], [ [ 118.0847367, 24.4617094 ], [ 118.0847441, 24.4616587 ], [ 118.0847783, 24.461613 ], [ 118.0848413, 24.4615556 ], [ 118.0849003, 24.4615373 ], [ 118.0849667, 24.4615373 ], [ 118.0851343, 24.4615397 ], [ 118.0853556, 24.4615306 ], [ 118.0854911, 24.4615153 ], [ 118.0855467, 24.4615184 ], [ 118.0855816, 24.4615342 ], [ 118.0856024, 24.4615709 ], [ 118.0856071, 24.4616417 ], [ 118.0856118, 24.4616966 ], [ 118.0856138, 24.461754 ], [ 118.0856091, 24.4617967 ], [ 118.0855983, 24.4618242 ], [ 118.0855286, 24.4618614 ], [ 118.0852979, 24.4619084 ], [ 118.0851591, 24.4619279 ], [ 118.0850244, 24.4619291 ], [ 118.0849204, 24.4619059 ], [ 118.084842, 24.4618663 ], [ 118.084793, 24.461837 ], [ 118.0847541, 24.4617625 ], [ 118.0847367, 24.4617094 ] ], [ [ 118.0849346, 24.4631324 ], [ 118.0849378, 24.4630183 ], [ 118.0849611, 24.4629117 ], [ 118.0850486, 24.4626532 ], [ 118.0851288, 24.4626074 ], [ 118.0853556, 24.4625749 ], [ 118.0855338, 24.4625749 ], [ 118.0856213, 24.4625749 ], [ 118.0857444, 24.4625543 ], [ 118.0859095, 24.4625348 ], [ 118.0860215, 24.4625244 ], [ 118.0861729, 24.4625244 ], [ 118.0862923, 24.4625182 ], [ 118.0863679, 24.4625182 ], [ 118.0863961, 24.4625423 ], [ 118.0864156, 24.4625834 ], [ 118.0864695, 24.4627166 ], [ 118.0865103, 24.4628291 ], [ 118.0865207, 24.4629436 ], [ 118.086495, 24.4631001 ], [ 118.0864352, 24.4631372 ], [ 118.0863038, 24.4631462 ], [ 118.086018, 24.4632209 ], [ 118.0858932, 24.463206 ], [ 118.0854334, 24.463188 ], [ 118.085279, 24.4631731 ], [ 118.0851181, 24.4631851 ], [ 118.0849901, 24.463173 ], [ 118.0849346, 24.4631324 ] ], [ [ 118.0860974, 24.4632681 ], [ 118.0861351, 24.4632339 ], [ 118.0865281, 24.4632327 ], [ 118.0865984, 24.4632453 ], [ 118.0866147, 24.4632567 ], [ 118.0866662, 24.463563 ], [ 118.0866486, 24.4635939 ], [ 118.0864201, 24.4636236 ], [ 118.0861853, 24.4636087 ], [ 118.0861338, 24.4635527 ], [ 118.08612, 24.463443 ], [ 118.0860974, 24.4632681 ] ] ] ] } },
{ "type": "Feature", "properties": { "osm_id": "539711871", "code": 8200, "fclass": "water", "name": null }, "geometry": { "type": "MultiPolygon", "coordinates": [ [ [ [ 118.0845527, 24.4782164 ], [ 118.0850718, 24.4783707 ], [ 118.0850901, 24.4783375 ], [ 118.0854762, 24.4784539 ], [ 118.0855075, 24.4784539 ], [ 118.085531, 24.4784349 ], [ 118.0858075, 24.4777534 ], [ 118.0851475, 24.4775136 ], [ 118.0850744, 24.4775183 ], [ 118.0849336, 24.4774804 ], [ 118.0846883, 24.4774827 ], [ 118.0845605, 24.4778413 ], [ 118.0846962, 24.4778911 ], [ 118.0845527, 24.4782164 ] ] ] ] } },
{ "type": "Feature", "properties": { "osm_id": "539949196", "code": 8200, "fclass": "water", "name": null }, "geometry": { "type": "MultiPolygon", "coordinates": [ [ [ [ 118.1185882, 24.5017555 ], [ 118.1187101, 24.5018112 ], [ 118.118783, 24.5016791 ], [ 118.1188459, 24.5015653 ], [ 118.1188711, 24.5015768 ], [ 118.1189229, 24.501483 ], [ 118.1188664, 24.5014572 ], [ 118.1188986, 24.5013989 ], [ 118.1187685, 24.5013394 ], [ 118.1186827, 24.5014948 ], [ 118.1187222, 24.5015129 ], [ 118.1185882, 24.5017555 ] ] ] ] } },
{ "type": "Feature", "properties": { "osm_id": "552820222", "code": 8200, "fclass": "water", "name": null }, "geometry": { "type": "MultiPolygon", "coordinates": [ [ [ [ 118.142242, 24.4507177 ], [ 118.1423039, 24.4507806 ], [ 118.1423926, 24.4508091 ], [ 118.1424291, 24.4506571 ], [ 118.1424917, 24.4506025 ], [ 118.1424942, 24.4507517 ], [ 118.1426979, 24.4507374 ], [ 118.1430164, 24.4505807 ], [ 118.1427135, 24.4504279 ], [ 118.1424761, 24.4504814 ], [ 118.1424969, 24.4504291 ], [ 118.1426535, 24.4503864 ], [ 118.1427996, 24.4504054 ], [ 118.1429404, 24.4505051 ], [ 118.1431074, 24.4505716 ], [ 118.1432912, 24.4506312 ], [ 118.1439378, 24.4507561 ], [ 118.1439742, 24.4509712 ], [ 118.1443127, 24.4508898 ], [ 118.1442449, 24.4507948 ], [ 118.1439391, 24.4505606 ], [ 118.143328, 24.4503215 ], [ 118.1432812, 24.4497612 ], [ 118.1431685, 24.4497392 ], [ 118.1429052, 24.449688 ], [ 118.1422987, 24.4499423 ], [ 118.1422619, 24.4503194 ], [ 118.142242, 24.4507177 ] ] ] ] } },
{ "type": "Feature", "properties": { "osm_id": "552820225", "code": 8201, "fclass": "reservoir", "name": null }, "geometry": { "type": "MultiPolygon", "coordinates": [ [ [ [ 118.1432569, 24.4466873 ], [ 118.1432886, 24.4469968 ], [ 118.1434534, 24.4469628 ], [ 118.1435807, 24.4473956 ], [ 118.1436698, 24.4473674 ], [ 118.1437716, 24.4473445 ], [ 118.1437641, 24.4472456 ], [ 118.1439476, 24.4471673 ], [ 118.1441947, 24.4471673 ], [ 118.1446364, 24.4469662 ], [ 118.1449659, 24.4469832 ], [ 118.1453815, 24.446714 ], [ 118.1458906, 24.4468298 ], [ 118.1459206, 24.4466833 ], [ 118.1458393, 24.4461015 ], [ 118.1451381, 24.4462948 ], [ 118.1451905, 24.4465367 ], [ 118.1439738, 24.4469185 ], [ 118.143854, 24.4465913 ], [ 118.1434429, 24.4466625 ], [ 118.1432569, 24.4466873 ] ] ] ] } },
{ "type": "Feature", "properties": { "osm_id": "552820247", "code": 8200, "fclass": "water", "name": null }, "geometry": { "type": "MultiPolygon", "coordinates": [ [ [ [ 118.1475745, 24.4569342 ], [ 118.1476503, 24.4570158 ], [ 118.1479396, 24.4568339 ], [ 118.1480292, 24.4570346 ], [ 118.1477192, 24.4572416 ], [ 118.1476847, 24.4573482 ], [ 118.1480361, 24.4573482 ], [ 118.1482015, 24.4574611 ], [ 118.1493314, 24.4569719 ], [ 118.149607, 24.4570848 ], [ 118.149669, 24.4568339 ], [ 118.1498826, 24.4566332 ], [ 118.1493039, 24.4555231 ], [ 118.1491454, 24.4554541 ], [ 118.1490696, 24.4558806 ], [ 118.148918, 24.4558931 ], [ 118.1488353, 24.4554854 ], [ 118.1486355, 24.4555983 ], [ 118.1484495, 24.4561126 ], [ 118.148105, 24.4564137 ], [ 118.147726, 24.4564889 ], [ 118.1476709, 24.4567837 ], [ 118.1475745, 24.4569342 ] ] ] ] } },
{ "type": "Feature", "properties": { "osm_id": "578274712", "code": 8200, "fclass": "water", "name": null }, "geometry": { "type": "MultiPolygon", "coordinates": [ [ [ [ 118.1759092, 24.4641978 ], [ 118.1760713, 24.4644195 ], [ 118.1761996, 24.4643418 ], [ 118.1761319, 24.4642493 ], [ 118.1761876, 24.4642156 ], [ 118.1760931, 24.4640864 ], [ 118.1759092, 24.4641978 ] ] ] ] } },
{ "type": "Feature", "properties": { "osm_id": "578286104", "code": 8200, "fclass": "water", "name": null }, "geometry": { "type": "MultiPolygon", "coordinates": [ [ [ [ 118.1771924, 24.4637102 ], [ 118.1772334, 24.4637494 ], [ 118.1773035, 24.4636887 ], [ 118.1772625, 24.4636495 ], [ 118.1771924, 24.4637102 ] ] ] ] } },
{ "type": "Feature", "properties": { "osm_id": "578286105", "code": 8200, "fclass": "water", "name": null }, "geometry": { "type": "MultiPolygon", "coordinates": [ [ [ [ 118.177265, 24.4637597 ], [ 118.1773084, 24.4638123 ], [ 118.1772894, 24.4638252 ], [ 118.1773337, 24.4638789 ], [ 118.1773719, 24.4638526 ], [ 118.177392, 24.4638765 ], [ 118.1773827, 24.4638898 ], [ 118.1774261, 24.4639446 ], [ 118.1774964, 24.4638985 ], [ 118.1774117, 24.4637915 ], [ 118.1773935, 24.4638034 ], [ 118.1773634, 24.4637654 ], [ 118.1773475, 24.4637461 ], [ 118.177325, 24.4637615 ], [ 118.1773025, 24.4637341 ], [ 118.177265, 24.4637597 ] ] ] ] } },
{ "type": "Feature", "properties": { "osm_id": "578681034", "code": 8200, "fclass": "water", "name": "泳池" }, "geometry": { "type": "MultiPolygon", "coordinates": [ [ [ [ 118.1752454, 24.4626501 ], [ 118.1752735, 24.4627053 ], [ 118.1753272, 24.4627436 ], [ 118.1753995, 24.4627585 ], [ 118.1754696, 24.4626904 ], [ 118.1754439, 24.4626543 ], [ 118.1753949, 24.4626373 ], [ 118.1753645, 24.4625863 ], [ 118.1752875, 24.4625884 ], [ 118.1752454, 24.4626501 ] ] ] ] } },
{ "type": "Feature", "properties": { "osm_id": "579066244", "code": 8200, "fclass": "water", "name": null }, "geometry": { "type": "MultiPolygon", "coordinates": [ [ [ [ 118.1744266, 24.4598415 ], [ 118.1744846, 24.4598573 ], [ 118.174515, 24.4597484 ], [ 118.1744563, 24.4597348 ], [ 118.1744266, 24.4598415 ] ] ] ] } },
{ "type": "Feature", "properties": { "osm_id": "758598247", "code": 8200, "fclass": "water", "name": null }, "geometry": { "type": "MultiPolygon", "coordinates": [ [ [ [ 118.1137662, 24.4899951 ], [ 118.1138604, 24.4900216 ], [ 118.1140091, 24.4895814 ], [ 118.1139139, 24.4895598 ], [ 118.1137662, 24.4899951 ] ] ] ] } },
{ "type": "Feature", "properties": { "osm_id": "3243088", "code": 8200, "fclass": "water", "name": "筼筜湖" }, "geometry": { "type": "MultiPolygon", "coordinates": [ [ [ [ 118.0734637, 24.4795322 ], [ 118.0734722, 24.4795863 ], [ 118.0735583, 24.479631 ], [ 118.0742631, 24.4796943 ], [ 118.0744859, 24.4795548 ], [ 118.0748031, 24.4788151 ], [ 118.0749121, 24.4767375 ], [ 118.080014, 24.476956 ], [ 118.0805194, 24.4766984 ], [ 118.0805986, 24.4758233 ], [ 118.0827961, 24.4765359 ], [ 118.0860748, 24.4776242 ], [ 118.0861448, 24.4776502 ], [ 118.0862272, 24.477675 ], [ 118.0862951, 24.4776965 ], [ 118.086795, 24.4778667 ], [ 118.0880036, 24.4792277 ], [ 118.0884607, 24.4798182 ], [ 118.0898341, 24.4808732 ], [ 118.0907012, 24.4817157 ], [ 118.0908288, 24.4816747 ], [ 118.0908781, 24.4817019 ], [ 118.0909574, 24.4817457 ], [ 118.0910303, 24.4817859 ], [ 118.0910986, 24.4818236 ], [ 118.0911291, 24.4818528 ], [ 118.0911425, 24.481887 ], [ 118.0911385, 24.4820798 ], [ 118.091125, 24.4821421 ], [ 118.0910137, 24.48233 ], [ 118.0909534, 24.4824301 ], [ 118.090944, 24.482474 ], [ 118.090948, 24.4825046 ], [ 118.0909789, 24.4825461 ], [ 118.0912404, 24.4827096 ], [ 118.091294, 24.482756 ], [ 118.0913316, 24.4828085 ], [ 118.091345, 24.4828768 ], [ 118.091349, 24.4829501 ], [ 118.0913611, 24.4829903 ], [ 118.0914898, 24.4832735 ], [ 118.091522, 24.4833211 ], [ 118.0915663, 24.4833601 ], [ 118.0916414, 24.4834016 ], [ 118.0916923, 24.4834187 ], [ 118.091758, 24.4834236 ], [ 118.0925292, 24.4833601 ], [ 118.0925775, 24.4833638 ], [ 118.0925976, 24.4833736 ], [ 118.0926137, 24.4834004 ], [ 118.0926901, 24.4835847 ], [ 118.0927558, 24.4836775 ], [ 118.0928537, 24.4837641 ], [ 118.0929624, 24.4838276 ], [ 118.093071, 24.4838776 ], [ 118.09324, 24.4839228 ], [ 118.093999, 24.4841242 ], [ 118.0944228, 24.4842401 ], [ 118.0948909, 24.4843622 ], [ 118.0955145, 24.4845343 ], [ 118.0961408, 24.4847076 ], [ 118.0967858, 24.4848797 ], [ 118.0974416, 24.4850579 ], [ 118.0987358, 24.4854069 ], [ 118.0991703, 24.4855253 ], [ 118.0995955, 24.4856461 ], [ 118.0996947, 24.4856876 ], [ 118.0998141, 24.4857548 ], [ 118.0999321, 24.4858097 ], [ 118.1000662, 24.4858475 ], [ 118.1001654, 24.485861 ], [ 118.1002687, 24.4858524 ], [ 118.1003787, 24.4858341 ], [ 118.1004873, 24.4858073 ], [ 118.100604, 24.4857462 ], [ 118.1007099, 24.485684 ], [ 118.1007408, 24.4856681 ], [ 118.1007877, 24.4856535 ], [ 118.1009124, 24.4856632 ], [ 118.1013174, 24.4858561 ], [ 118.1013416, 24.4858756 ], [ 118.1013456, 24.4858951 ], [ 118.1013376, 24.485922 ], [ 118.1013308, 24.485983 ], [ 118.1013456, 24.486044 ], [ 118.1013818, 24.4861136 ], [ 118.1014314, 24.4861539 ], [ 118.1014985, 24.4861856 ], [ 118.1017077, 24.4862393 ], [ 118.1021006, 24.4863504 ], [ 118.1026947, 24.486509 ], [ 118.1033291, 24.4866811 ], [ 118.1040265, 24.486874 ], [ 118.1047252, 24.4870656 ], [ 118.1053649, 24.4872364 ], [ 118.1060462, 24.4874183 ], [ 118.1069393, 24.4876612 ], [ 118.1074919, 24.4878113 ], [ 118.1080726, 24.4879712 ], [ 118.1086157, 24.4881188 ], [ 118.1090529, 24.4882384 ], [ 118.1094432, 24.488341 ], [ 118.1098267, 24.4884496 ], [ 118.1100722, 24.4885118 ], [ 118.1109278, 24.4887449 ], [ 118.1114951, 24.4888987 ], [ 118.1123923, 24.4891526 ], [ 118.1125398, 24.4891819 ], [ 118.112639, 24.4891867 ], [ 118.1127302, 24.4891745 ], [ 118.1128429, 24.4891343 ], [ 118.1129314, 24.4890781 ], [ 118.1129938, 24.4890165 ], [ 118.113032, 24.488964 ], [ 118.1130903, 24.4888511 ], [ 118.1130997, 24.4888365 ], [ 118.1131091, 24.4888334 ], [ 118.1131237, 24.4888282 ], [ 118.1132124, 24.4888591 ], [ 118.113266, 24.4888719 ], [ 118.1133713, 24.4889243 ], [ 118.1135883, 24.4890067 ], [ 118.1137577, 24.489056 ], [ 118.1139075, 24.4890704 ], [ 118.1139856, 24.4890682 ], [ 118.1140284, 24.4891208 ], [ 118.1140359, 24.4891781 ], [ 118.1139139, 24.4895598 ], [ 118.1137662, 24.4899951 ], [ 118.1136333, 24.4903972 ], [ 118.1135412, 24.4904894 ], [ 118.1133937, 24.4905481 ], [ 118.1132416, 24.4905607 ], [ 118.1130204, 24.4904727 ], [ 118.1129467, 24.4906069 ], [ 118.1130389, 24.490632 ], [ 118.1131306, 24.4907475 ], [ 118.1132229, 24.4907069 ], [ 118.1133842, 24.4909232 ], [ 118.1134168, 24.4910712 ], [ 118.1134741, 24.4911853 ], [ 118.1135041, 24.4913707 ], [ 118.1133872, 24.4915586 ], [ 118.1132789, 24.4915584 ], [ 118.1126564, 24.492733 ], [ 118.1126333, 24.4928127 ], [ 118.1126702, 24.492884 ], [ 118.1127514, 24.4929371 ], [ 118.1127548, 24.4929533 ], [ 118.1126778, 24.4931797 ], [ 118.1125965, 24.4935131 ], [ 118.1125919, 24.4936473 ], [ 118.1126748, 24.4937856 ], [ 118.1131679, 24.4943727 ], [ 118.1132094, 24.4944608 ], [ 118.1131863, 24.4945824 ], [ 118.1127915, 24.4952708 ], [ 118.1121541, 24.4965324 ], [ 118.1123154, 24.4966079 ], [ 118.1129595, 24.495357 ], [ 118.1133384, 24.4946831 ], [ 118.1133707, 24.4945195 ], [ 118.1133661, 24.4943937 ], [ 118.11279, 24.4936389 ], [ 118.1127532, 24.4935466 ], [ 118.1128791, 24.4931105 ], [ 118.112986, 24.4928714 ], [ 118.1130527, 24.492775 ], [ 118.1134628, 24.4919363 ], [ 118.113661, 24.4918021 ], [ 118.113873, 24.4917853 ], [ 118.1140251, 24.4918146 ], [ 118.1153246, 24.4923766 ], [ 118.1169145, 24.4927666 ], [ 118.1171562, 24.4930995 ], [ 118.1172463, 24.4932237 ], [ 118.11779, 24.4933705 ], [ 118.1178504, 24.4934104 ], [ 118.1179744, 24.4934921 ], [ 118.1180758, 24.4936179 ], [ 118.1182509, 24.4938066 ], [ 118.1183661, 24.4938905 ], [ 118.1184428, 24.4938979 ], [ 118.1185412, 24.4939073 ], [ 118.1186426, 24.4938695 ], [ 118.1187578, 24.4938024 ], [ 118.1188546, 24.4937856 ], [ 118.1192601, 24.4937689 ], [ 118.1193891, 24.4938066 ], [ 118.1195136, 24.4939073 ], [ 118.1197025, 24.4940289 ], [ 118.119873, 24.4941085 ], [ 118.119979, 24.4941463 ], [ 118.1201357, 24.4940876 ], [ 118.1201633, 24.4940121 ], [ 118.1201311, 24.4939114 ], [ 118.1201495, 24.4937982 ], [ 118.1201818, 24.4937102 ], [ 118.1202555, 24.4936808 ], [ 118.1203891, 24.493685 ], [ 118.1204813, 24.4936473 ], [ 118.1205029, 24.4936571 ], [ 118.1205827, 24.4936934 ], [ 118.1207302, 24.4937898 ], [ 118.1207348, 24.4938779 ], [ 118.1206979, 24.4940331 ], [ 118.120638, 24.4941463 ], [ 118.1205366, 24.4942553 ], [ 118.120449, 24.494314 ], [ 118.1203569, 24.494335 ], [ 118.1202509, 24.4942805 ], [ 118.120191, 24.4942218 ], [ 118.1201357, 24.494184 ], [ 118.1199606, 24.4942218 ], [ 118.1199606, 24.494314 ], [ 118.1199191, 24.4943937 ], [ 118.1198454, 24.4944021 ], [ 118.1197762, 24.4943853 ], [ 118.1197117, 24.4943979 ], [ 118.1196887, 24.4945363 ], [ 118.1204938, 24.4946594 ], [ 118.1204248, 24.4947736 ], [ 118.1203825, 24.4948776 ], [ 118.1203016, 24.4948676 ], [ 118.1201725, 24.4956224 ], [ 118.1201633, 24.4957356 ], [ 118.1201864, 24.4958782 ], [ 118.1202555, 24.4960795 ], [ 118.1203523, 24.4962598 ], [ 118.1212094, 24.4970776 ], [ 118.1212785, 24.4971908 ], [ 118.1213246, 24.4973124 ], [ 118.1213108, 24.4975389 ], [ 118.1213615, 24.4975389 ], [ 118.1213891, 24.497325 ], [ 118.1214168, 24.4972495 ], [ 118.1215366, 24.4971992 ], [ 118.1216841, 24.4971824 ], [ 118.121979, 24.4972621 ], [ 118.1221314, 24.4972936 ], [ 118.122217, 24.4973113 ], [ 118.1223327, 24.4973374 ], [ 118.1224145, 24.4973517 ], [ 118.1225873, 24.4973879 ], [ 118.1226887, 24.497325 ], [ 118.1229928, 24.4973376 ], [ 118.1230804, 24.4973208 ], [ 118.1231772, 24.4972411 ], [ 118.12332, 24.4972118 ], [ 118.1233707, 24.4972537 ], [ 118.1234537, 24.4972789 ], [ 118.1237117, 24.4972369 ], [ 118.12385, 24.4972034 ], [ 118.1240251, 24.4972411 ], [ 118.1242555, 24.4973208 ], [ 118.1243339, 24.4972998 ], [ 118.124509, 24.497304 ], [ 118.1245827, 24.4973501 ], [ 118.1246979, 24.4975766 ], [ 118.1247491, 24.4976453 ], [ 118.1248592, 24.4976982 ], [ 118.1249375, 24.497715 ], [ 118.1250275, 24.497742 ], [ 118.1251818, 24.4977905 ], [ 118.1251772, 24.4978869 ], [ 118.1252872, 24.4978873 ], [ 118.1253709, 24.4979837 ], [ 118.1253921, 24.4980695 ], [ 118.1254983, 24.4981468 ], [ 118.1255903, 24.4981833 ], [ 118.1256092, 24.4982993 ], [ 118.1255526, 24.4985956 ], [ 118.1255077, 24.4987137 ], [ 118.125444, 24.4988275 ], [ 118.1255343, 24.4989589 ], [ 118.1255067, 24.4990428 ], [ 118.125403, 24.4991659 ], [ 118.1254399, 24.4992791 ], [ 118.1255274, 24.4993504 ], [ 118.1256933, 24.4994007 ], [ 118.1258223, 24.4993798 ], [ 118.125956, 24.4992833 ], [ 118.1259882, 24.4991911 ], [ 118.1260288, 24.4991567 ], [ 118.1261265, 24.4990737 ], [ 118.1262417, 24.4990359 ], [ 118.1263246, 24.4989311 ], [ 118.1263431, 24.4988095 ], [ 118.1263108, 24.4987214 ], [ 118.1261864, 24.4984992 ], [ 118.1261173, 24.4984488 ], [ 118.1260343, 24.4981888 ], [ 118.1260528, 24.498084 ], [ 118.1261219, 24.4979834 ], [ 118.1261726, 24.4978911 ], [ 118.1261449, 24.4977485 ], [ 118.1260435, 24.4976521 ], [ 118.1258822, 24.4976479 ], [ 118.1256334, 24.4976689 ], [ 118.1254839, 24.4977179 ], [ 118.125386, 24.4976863 ], [ 118.1253477, 24.4975976 ], [ 118.1252279, 24.4975137 ], [ 118.1252046, 24.497601 ], [ 118.1251758, 24.4976174 ], [ 118.124934, 24.4975532 ], [ 118.1248547, 24.4974972 ], [ 118.124721, 24.4972369 ], [ 118.1245366, 24.4971572 ], [ 118.1243615, 24.4971572 ], [ 118.1241818, 24.4971698 ], [ 118.1239099, 24.4971572 ], [ 118.1236104, 24.497086 ], [ 118.1231772, 24.4970943 ], [ 118.1230666, 24.4971447 ], [ 118.1228961, 24.497174 ], [ 118.1226749, 24.4971782 ], [ 118.1224582, 24.4971457 ], [ 118.1223709, 24.4971219 ], [ 118.1222578, 24.497106 ], [ 118.1221685, 24.4970906 ], [ 118.1220205, 24.497065 ], [ 118.121979, 24.4969266 ], [ 118.121979, 24.496566 ], [ 118.1218039, 24.4964485 ], [ 118.1214398, 24.4962137 ], [ 118.1207901, 24.4959747 ], [ 118.1206656, 24.4958824 ], [ 118.1205781, 24.4957273 ], [ 118.1205504, 24.495526 ], [ 118.1206749, 24.4949137 ], [ 118.1207129, 24.4948107 ], [ 118.1207578, 24.4946998 ], [ 118.1208961, 24.4940373 ], [ 118.120956, 24.4939785 ], [ 118.1211311, 24.4940079 ], [ 118.1212002, 24.4936389 ], [ 118.1211541, 24.4935173 ], [ 118.121062, 24.4934208 ], [ 118.1206188, 24.4933015 ], [ 118.1204076, 24.4932447 ], [ 118.1201265, 24.4933495 ], [ 118.1199652, 24.4933076 ], [ 118.1198315, 24.4930685 ], [ 118.1192002, 24.4928379 ], [ 118.1191633, 24.4929301 ], [ 118.1188177, 24.4928085 ], [ 118.1188361, 24.4927247 ], [ 118.1179836, 24.4925359 ], [ 118.1178453, 24.492926 ], [ 118.1173849, 24.4927678 ], [ 118.1172695, 24.4927281 ], [ 118.1161679, 24.4923766 ], [ 118.1153753, 24.492234 ], [ 118.1142601, 24.4916762 ], [ 118.1140573, 24.4914624 ], [ 118.1139559, 24.4912485 ], [ 118.1138914, 24.4910262 ], [ 118.1139908, 24.4905212 ], [ 118.1137097, 24.4904416 ], [ 118.1138604, 24.4900216 ], [ 118.1140091, 24.4895814 ], [ 118.1141719, 24.489114 ], [ 118.1140863, 24.4887978 ], [ 118.1139831, 24.488752 ], [ 118.113837, 24.4889651 ], [ 118.113775, 24.4889976 ], [ 118.1136866, 24.4889825 ], [ 118.1135101, 24.4889041 ], [ 118.113372, 24.4888416 ], [ 118.1133047, 24.4888107 ], [ 118.1131969, 24.4887498 ], [ 118.1131728, 24.488723 ], [ 118.1131755, 24.4886973 ], [ 118.1132157, 24.4886363 ], [ 118.1132492, 24.4885411 ], [ 118.1132385, 24.4884313 ], [ 118.113209, 24.4883361 ], [ 118.1130983, 24.4882208 ], [ 118.1129931, 24.4881713 ], [ 118.1118035, 24.487843 ], [ 118.110829, 24.4875845 ], [ 118.1107897, 24.4875684 ], [ 118.1107637, 24.4875357 ], [ 118.1107575, 24.4874879 ], [ 118.1107666, 24.4874467 ], [ 118.1108487, 24.4870814 ], [ 118.1109761, 24.4866518 ], [ 118.1114216, 24.4853808 ], [ 118.1114032, 24.4853324 ], [ 118.1112482, 24.4852827 ], [ 118.1111996, 24.4853132 ], [ 118.1105442, 24.4872718 ], [ 118.110506, 24.4873459 ], [ 118.1104557, 24.487389 ], [ 118.1103753, 24.4874329 ], [ 118.1103377, 24.4874317 ], [ 118.1071721, 24.4865693 ], [ 118.1035026, 24.4855606 ], [ 118.1024374, 24.4849936 ], [ 118.102202, 24.4849407 ], [ 118.1020509, 24.4849731 ], [ 118.1019053, 24.485091 ], [ 118.1014079, 24.4848576 ], [ 118.1016482, 24.4844488 ], [ 118.1012162, 24.4839359 ], [ 118.1011352, 24.4837686 ], [ 118.1011112, 24.483522 ], [ 118.1010499, 24.483373 ], [ 118.1009155, 24.4832269 ], [ 118.1008189, 24.4830411 ], [ 118.1007366, 24.4827783 ], [ 118.1004153, 24.48246 ], [ 118.10032, 24.4822477 ], [ 118.1002945, 24.4820167 ], [ 118.1003451, 24.4819512 ], [ 118.1006113, 24.4818199 ], [ 118.1007518, 24.4817897 ], [ 118.100896, 24.481682 ], [ 118.1009736, 24.4816685 ], [ 118.1010993, 24.4816719 ], [ 118.1011474, 24.481719 ], [ 118.101162, 24.4817775 ], [ 118.1011252, 24.4818233 ], [ 118.1010401, 24.4818233 ], [ 118.1009921, 24.4818738 ], [ 118.101018, 24.4819343 ], [ 118.1011141, 24.4819579 ], [ 118.1012759, 24.4819747 ], [ 118.1013988, 24.4819613 ], [ 118.1013914, 24.4820084 ], [ 118.1014468, 24.4819949 ], [ 118.1015319, 24.4820218 ], [ 118.1016169, 24.4820588 ], [ 118.1017426, 24.4820252 ], [ 118.1018683, 24.4820858 ], [ 118.1019718, 24.4820925 ], [ 118.1020494, 24.4820588 ], [ 118.1021123, 24.4820117 ], [ 118.1021382, 24.4819243 ], [ 118.1022195, 24.4818973 ], [ 118.1023009, 24.4818805 ], [ 118.1023415, 24.4817964 ], [ 118.102323, 24.4817022 ], [ 118.1022639, 24.4816046 ], [ 118.1021382, 24.4815575 ], [ 118.1020864, 24.4814767 ], [ 118.1021641, 24.4813859 ], [ 118.1022232, 24.4813018 ], [ 118.1022602, 24.4810864 ], [ 118.1021752, 24.4809619 ], [ 118.1021012, 24.4810461 ], [ 118.1020088, 24.4811033 ], [ 118.101872, 24.4810595 ], [ 118.1018054, 24.4809788 ], [ 118.1017944, 24.4808509 ], [ 118.1014727, 24.4807466 ], [ 118.1013692, 24.4807803 ], [ 118.1013211, 24.4807533 ], [ 118.1013285, 24.4805144 ], [ 118.1014209, 24.4804808 ], [ 118.1015134, 24.4805077 ], [ 118.1015914, 24.4804399 ], [ 118.1016954, 24.4803935 ], [ 118.1018072, 24.4803643 ], [ 118.1018917, 24.480288 ], [ 118.101791, 24.4801742 ], [ 118.1015023, 24.4803193 ], [ 118.1014161, 24.4803061 ], [ 118.1013557, 24.4802435 ], [ 118.1013037, 24.4801661 ], [ 118.1012157, 24.4801358 ], [ 118.1009983, 24.4801931 ], [ 118.100751, 24.4802748 ], [ 118.1006889, 24.4803597 ], [ 118.1006277, 24.4803625 ], [ 118.1006076, 24.4803664 ], [ 118.1002859, 24.4804101 ], [ 118.1002268, 24.4804404 ], [ 118.1002046, 24.4805346 ], [ 118.1002083, 24.4806154 ], [ 118.1001713, 24.4807298 ], [ 118.1002032, 24.4808676 ], [ 118.1002157, 24.4809216 ], [ 118.1001824, 24.4809754 ], [ 118.1002859, 24.4810191 ], [ 118.1004079, 24.4810898 ], [ 118.1004042, 24.4812345 ], [ 118.100456, 24.4813085 ], [ 118.100541, 24.4812984 ], [ 118.100615, 24.4813049 ], [ 118.1006556, 24.4813085 ], [ 118.1007185, 24.4813523 ], [ 118.1007924, 24.4814229 ], [ 118.1007924, 24.4815811 ], [ 118.1006224, 24.4816282 ], [ 118.1005706, 24.4817257 ], [ 118.1003155, 24.4819041 ], [ 118.1002514, 24.4819406 ], [ 118.1001265, 24.4819162 ], [ 118.0999472, 24.4819266 ], [ 118.0997367, 24.4818772 ], [ 118.0995945, 24.4817762 ], [ 118.0995179, 24.4816781 ], [ 118.0994927, 24.4815632 ], [ 118.0995111, 24.4814632 ], [ 118.0996083, 24.481347 ], [ 118.0996333, 24.4812188 ], [ 118.0994736, 24.4810653 ], [ 118.0992452, 24.4810319 ], [ 118.0991803, 24.4809481 ], [ 118.0991784, 24.4808648 ], [ 118.0991417, 24.4808533 ], [ 118.0989892, 24.4808055 ], [ 118.098843, 24.4807065 ], [ 118.098677, 24.480433 ], [ 118.0985075, 24.4800871 ], [ 118.0984339, 24.4797681 ], [ 118.0983304, 24.4795501 ], [ 118.0980836, 24.4793292 ], [ 118.0977942, 24.479152 ], [ 118.0976094, 24.4789762 ], [ 118.0969519, 24.4781921 ], [ 118.096368, 24.4777034 ], [ 118.0960255, 24.4773689 ], [ 118.0956741, 24.4769539 ], [ 118.0954991, 24.4766691 ], [ 118.0953157, 24.4765074 ], [ 118.0950475, 24.4763929 ], [ 118.0948438, 24.4763655 ], [ 118.094669, 24.4763908 ], [ 118.0939596, 24.4775179 ], [ 118.0937985, 24.4775166 ], [ 118.0937019, 24.4774739 ], [ 118.0936081, 24.4774295 ], [ 118.0935437, 24.4773922 ], [ 118.0933947, 24.4772179 ], [ 118.0940271, 24.4762634 ], [ 118.0937916, 24.4760781 ], [ 118.0936387, 24.4757722 ], [ 118.0927743, 24.4754115 ], [ 118.0919251, 24.474917 ], [ 118.0903955, 24.4741692 ], [ 118.0895434, 24.4738417 ], [ 118.0891503, 24.4735682 ], [ 118.0889138, 24.4734654 ], [ 118.0886984, 24.4734486 ], [ 118.088525, 24.4735156 ], [ 118.0883594, 24.4736184 ], [ 118.0881341, 24.4738109 ], [ 118.0879391, 24.473917 ], [ 118.0876958, 24.473974 ], [ 118.0868831, 24.473891 ], [ 118.0866994, 24.4738764 ], [ 118.086521, 24.4738617 ], [ 118.0864003, 24.473852 ], [ 118.0833634, 24.473462 ], [ 118.0807647, 24.4731504 ], [ 118.0808517, 24.4720257 ], [ 118.074107, 24.4701722 ], [ 118.0740204, 24.4702082 ], [ 118.073573, 24.477596 ], [ 118.0736129, 24.4777499 ], [ 118.0735527, 24.4793757 ], [ 118.0734943, 24.47943 ], [ 118.0734637, 24.4795322 ] ], [ [ 118.0817025, 24.4746505 ], [ 118.0822008, 24.4742924 ], [ 118.0822837, 24.4742329 ], [ 118.0830397, 24.4743229 ], [ 118.0830596, 24.4740351 ], [ 118.0833265, 24.4740668 ], [ 118.0849047, 24.4742591 ], [ 118.0865689, 24.4744652 ], [ 118.0866458, 24.4744684 ], [ 118.0867222, 24.4744659 ], [ 118.0868147, 24.474472 ], [ 118.0869354, 24.4745026 ], [ 118.0869663, 24.474516 ], [ 118.0870188, 24.4745251 ], [ 118.0871554, 24.4745489 ], [ 118.0873083, 24.4746222 ], [ 118.0875309, 24.4747479 ], [ 118.0877897, 24.4749188 ], [ 118.0880915, 24.4751605 ], [ 118.088239, 24.4752911 ], [ 118.0884229, 24.4754234 ], [ 118.088467, 24.4753655 ], [ 118.0887164, 24.4755205 ], [ 118.0886668, 24.4756157 ], [ 118.0886561, 24.475689 ], [ 118.0886722, 24.4758013 ], [ 118.0887164, 24.4758855 ], [ 118.0888157, 24.4759722 ], [ 118.0889015, 24.4760063 ], [ 118.08899, 24.4760149 ], [ 118.0891697, 24.4759587 ], [ 118.0892555, 24.4758745 ], [ 118.0893105, 24.4757537 ], [ 118.0892931, 24.4756157 ], [ 118.0892609, 24.4756255 ], [ 118.089214, 24.4755376 ], [ 118.0892354, 24.4755205 ], [ 118.0891898, 24.4754595 ], [ 118.0892287, 24.47544 ], [ 118.0892716, 24.4754925 ], [ 118.0893293, 24.475479 ], [ 118.0893829, 24.4755742 ], [ 118.0893441, 24.4755938 ], [ 118.0893642, 24.4756902 ], [ 118.0893642, 24.4757915 ], [ 118.0892998, 24.4759099 ], [ 118.0892542, 24.4759612 ], [ 118.0895989, 24.4761906 ], [ 118.089902, 24.476353 ], [ 118.0899776, 24.4762516 ], [ 118.090196, 24.4763729 ], [ 118.0901326, 24.4764763 ], [ 118.090712, 24.4767814 ], [ 118.0907562, 24.4768058 ], [ 118.0917996, 24.4773807 ], [ 118.0923374, 24.4776712 ], [ 118.0928001, 24.4779263 ], [ 118.0930594, 24.477982 ], [ 118.0931895, 24.478011 ], [ 118.0932239, 24.4780203 ], [ 118.0932882, 24.4780532 ], [ 118.0933741, 24.4781106 ], [ 118.0935336, 24.4782681 ], [ 118.0935806, 24.4783962 ], [ 118.092787, 24.4798412 ], [ 118.0933654, 24.4801727 ], [ 118.0934025, 24.4802425 ], [ 118.0933645, 24.4803376 ], [ 118.0933515, 24.4804367 ], [ 118.0933185, 24.4806156 ], [ 118.093368, 24.4807264 ], [ 118.0933541, 24.4808005 ], [ 118.0934266, 24.4809751 ], [ 118.0933822, 24.481206 ], [ 118.0932544, 24.4818701 ], [ 118.0930378, 24.4821337 ], [ 118.0927344, 24.4821644 ], [ 118.0925385, 24.4821732 ], [ 118.0923723, 24.4822007 ], [ 118.0923038, 24.4822576 ], [ 118.0923095, 24.4823214 ], [ 118.0924704, 24.4824454 ], [ 118.0930425, 24.4829067 ], [ 118.0930024, 24.4829745 ], [ 118.0929693, 24.4829898 ], [ 118.092211, 24.4823317 ], [ 118.0921406, 24.4822529 ], [ 118.0914674, 24.4815426 ], [ 118.0913973, 24.4815423 ], [ 118.0913356, 24.481509 ], [ 118.0912744, 24.481476 ], [ 118.0911966, 24.481434 ], [ 118.0911154, 24.481395 ], [ 118.0910605, 24.4813686 ], [ 118.0910048, 24.4812931 ], [ 118.091053, 24.4811964 ], [ 118.0908359, 24.4809774 ], [ 118.0891398, 24.479394 ], [ 118.0870225, 24.4772474 ], [ 118.0865512, 24.477092 ], [ 118.0864455, 24.4770524 ], [ 118.0863751, 24.4770308 ], [ 118.0863038, 24.4770075 ], [ 118.0862619, 24.4769843 ], [ 118.0829867, 24.4759117 ], [ 118.0826164, 24.4757818 ], [ 118.082743, 24.4755245 ], [ 118.0825483, 24.4754613 ], [ 118.08199, 24.4752873 ], [ 118.0819388, 24.4752218 ], [ 118.0817025, 24.4746505 ] ], [ [ 118.0930452, 24.4830349 ], [ 118.0930515, 24.4830193 ], [ 118.0930656, 24.4829909 ], [ 118.0930945, 24.4829687 ], [ 118.093128, 24.4829662 ], [ 118.0931618, 24.4829693 ], [ 118.0932312, 24.4830038 ], [ 118.0932929, 24.4830288 ], [ 118.0934954, 24.4831313 ], [ 118.0936711, 24.4831942 ], [ 118.093826, 24.4832418 ], [ 118.0938797, 24.4832381 ], [ 118.0939306, 24.4832222 ], [ 118.0940004, 24.48316 ], [ 118.0940976, 24.4830526 ], [ 118.0942203, 24.4829006 ], [ 118.0942874, 24.4828664 ], [ 118.0943276, 24.4828622 ], [ 118.0944061, 24.482886 ], [ 118.0945214, 24.482958 ], [ 118.0946977, 24.4830929 ], [ 118.0947568, 24.4831819 ], [ 118.0947755, 24.4832857 ], [ 118.0947795, 24.4834004 ], [ 118.094799, 24.4834437 ], [ 118.0948308, 24.483474 ], [ 118.0948704, 24.4834968 ], [ 118.0951041, 24.4835774 ], [ 118.0960938, 24.4838679 ], [ 118.0973411, 24.4842218 ], [ 118.0979955, 24.4844049 ], [ 118.0985159, 24.4845709 ], [ 118.0988981, 24.4846771 ], [ 118.0993487, 24.4848113 ], [ 118.1001252, 24.485067 ], [ 118.1002258, 24.4851091 ], [ 118.1002345, 24.4851274 ], [ 118.1002224, 24.4851525 ], [ 118.1002016, 24.4851763 ], [ 118.1001762, 24.4851836 ], [ 118.1001265, 24.485183 ], [ 118.0999254, 24.4851189 ], [ 118.0990536, 24.4848736 ], [ 118.0983563, 24.4846771 ], [ 118.0974282, 24.4844244 ], [ 118.0966477, 24.4842072 ], [ 118.0949928, 24.4837507 ], [ 118.0944879, 24.4836116 ], [ 118.0937784, 24.4834102 ], [ 118.0936275, 24.4833644 ], [ 118.0934907, 24.4833077 ], [ 118.0933908, 24.4832613 ], [ 118.0931977, 24.48316 ], [ 118.0930475, 24.4830498 ], [ 118.0930452, 24.4830349 ] ], [ [ 118.0954195, 24.4819374 ], [ 118.0958916, 24.481372 ], [ 118.0964516, 24.4806783 ], [ 118.0974782, 24.4817005 ], [ 118.0974698, 24.4820094 ], [ 118.0973476, 24.482299 ], [ 118.0970202, 24.4827136 ], [ 118.0966759, 24.4828997 ], [ 118.0963353, 24.4828615 ], [ 118.0961278, 24.4827104 ], [ 118.0956529, 24.4824227 ], [ 118.0954195, 24.4819374 ] ], [ [ 118.1003223, 24.4808086 ], [ 118.1003277, 24.4807653 ], [ 118.1003679, 24.4807031 ], [ 118.1004182, 24.4806469 ], [ 118.1004782, 24.4805624 ], [ 118.100556, 24.4804589 ], [ 118.1005865, 24.4804437 ], [ 118.1006207, 24.4804367 ], [ 118.1006375, 24.4804355 ], [ 118.1006811, 24.4804455 ], [ 118.1007361, 24.4804974 ], [ 118.100783, 24.4805859 ], [ 118.1008487, 24.4807281 ], [ 118.1008722, 24.4808361 ], [ 118.1008963, 24.4809801 ], [ 118.1008829, 24.4810399 ], [ 118.1008514, 24.4810845 ], [ 118.1007897, 24.4811522 ], [ 118.1007173, 24.4812114 ], [ 118.1006268, 24.4812474 ], [ 118.1005926, 24.4812523 ], [ 118.1005564, 24.4812425 ], [ 118.1005121, 24.4812065 ], [ 118.1004618, 24.4811437 ], [ 118.1004015, 24.4810344 ], [ 118.1003518, 24.4809496 ], [ 118.1003284, 24.4808617 ], [ 118.1003223, 24.4808086 ] ], [ [ 118.1256839, 24.4990697 ], [ 118.1256881, 24.4989443 ], [ 118.1257268, 24.4989135 ], [ 118.1257697, 24.4989257 ], [ 118.1258019, 24.4988818 ], [ 118.1257805, 24.498855 ], [ 118.1257966, 24.4988208 ], [ 118.125818, 24.4988037 ], [ 118.1258422, 24.4987524 ], [ 118.1258931, 24.4987085 ], [ 118.1259441, 24.4986963 ], [ 118.1261119, 24.4987856 ], [ 118.1261292, 24.4988306 ], [ 118.1261158, 24.4989282 ], [ 118.1260567, 24.4990478 ], [ 118.1259495, 24.4991356 ], [ 118.125877, 24.4991527 ], [ 118.1256839, 24.4990697 ] ] ] ] } },
{ "type": "Feature", "properties": { "osm_id": "785097854", "code": 8200, "fclass": "water", "name": null }, "geometry": { "type": "MultiPolygon", "coordinates": [ [ [ [ 118.0796257, 24.4419565 ], [ 118.0797236, 24.441876 ], [ 118.0799617, 24.4416721 ], [ 118.0800147, 24.4416403 ], [ 118.080067, 24.4416342 ], [ 118.0801132, 24.4416489 ], [ 118.0801689, 24.4416837 ], [ 118.0802929, 24.4417624 ], [ 118.0807275, 24.4420176 ], [ 118.0807932, 24.4420573 ], [ 118.080816, 24.4420841 ], [ 118.0808166, 24.4421201 ], [ 118.0808026, 24.4421775 ], [ 118.0807482, 24.4422837 ], [ 118.0807596, 24.4423307 ], [ 118.0807764, 24.4423582 ], [ 118.0808763, 24.442429 ], [ 118.0808971, 24.4424504 ], [ 118.0809025, 24.4424736 ], [ 118.0808971, 24.4425127 ], [ 118.0808958, 24.4425481 ], [ 118.0808998, 24.4425835 ], [ 118.0809326, 24.4426146 ], [ 118.080993, 24.4426506 ], [ 118.081347, 24.4427507 ], [ 118.0817024, 24.4428594 ], [ 118.081803, 24.4428386 ], [ 118.08198, 24.4427324 ], [ 118.083521, 24.4410494 ], [ 118.0835465, 24.4410158 ], [ 118.0835518, 24.4409719 ], [ 118.0835411, 24.4409401 ], [ 118.08346, 24.4408901 ], [ 118.0833694, 24.4408327 ], [ 118.0831683, 24.4407484 ], [ 118.0830905, 24.4407301 ], [ 118.0830315, 24.4407301 ], [ 118.0827863, 24.4410091 ], [ 118.0825626, 24.4412635 ], [ 118.082136, 24.4417118 ], [ 118.0815697, 24.4420524 ], [ 118.0814315, 24.4420756 ], [ 118.0813028, 24.4420609 ], [ 118.0810332, 24.4419645 ], [ 118.0807162, 24.4416916 ], [ 118.0805885, 24.4415499 ], [ 118.0805055, 24.4414577 ], [ 118.0803376, 24.441509 ], [ 118.080239, 24.441403 ], [ 118.0800736, 24.4413841 ], [ 118.079969, 24.4412994 ], [ 118.0797208, 24.4417829 ], [ 118.0796257, 24.4419565 ] ] ] ] } },
{ "type": "Feature", "properties": { "osm_id": "788081755", "code": 8202, "fclass": "riverbank", "name": "后埭溪" }, "geometry": { "type": "MultiPolygon", "coordinates": [ [ [ [ 118.0989892, 24.4808055 ], [ 118.0991417, 24.4808533 ], [ 118.0998794, 24.4786572 ], [ 118.1001704, 24.4778762 ], [ 118.1000126, 24.4778309 ], [ 118.0989892, 24.4808055 ] ] ] ] } },
{ "type": "Feature", "properties": { "osm_id": "826395355", "code": 8200, "fclass": "water", "name": null }, "geometry": { "type": "MultiPolygon", "coordinates": [ [ [ [ 118.1756334, 24.5349029 ], [ 118.1756401, 24.5351054 ], [ 118.1757219, 24.5350969 ], [ 118.1757152, 24.5349651 ], [ 118.1757219, 24.5348565 ], [ 118.1757608, 24.5348578 ], [ 118.1757621, 24.5348956 ], [ 118.1758077, 24.5348968 ], [ 118.1758144, 24.5348529 ], [ 118.1758346, 24.5348065 ], [ 118.1756549, 24.5347223 ], [ 118.1756334, 24.5349029 ] ] ] ] } },
{ "type": "Feature", "properties": { "osm_id": "899046353", "code": 8200, "fclass": "water", "name": null }, "geometry": { "type": "MultiPolygon", "coordinates": [ [ [ [ 118.0680352, 24.4411904 ], [ 118.0680674, 24.4412099 ], [ 118.0681023, 24.4412099 ], [ 118.0681345, 24.4411928 ], [ 118.0682673, 24.4410292 ], [ 118.068282, 24.4409865 ], [ 118.0681318, 24.4409841 ], [ 118.0680889, 24.4410292 ], [ 118.0680862, 24.4410964 ], [ 118.0680419, 24.441155 ], [ 118.0680352, 24.4411904 ] ] ] ] } },
{ "type": "Feature", "properties": { "osm_id": "905713973", "code": 8200, "fclass": "water", "name": null }, "geometry": { "type": "MultiPolygon", "coordinates": [ [ [ [ 118.1047508, 24.5507222 ], [ 118.1048239, 24.5507399 ], [ 118.1047582, 24.5508557 ], [ 118.1050103, 24.5509436 ], [ 118.1050264, 24.5509216 ], [ 118.1051069, 24.5509338 ], [ 118.1051471, 24.5508753 ], [ 118.1052141, 24.5508777 ], [ 118.105245, 24.5508021 ], [ 118.1052846, 24.550807 ], [ 118.1053271, 24.5507313 ], [ 118.1053484, 24.5506642 ], [ 118.1053148, 24.5506417 ], [ 118.1053415, 24.5505886 ], [ 118.1049432, 24.550502 ], [ 118.1047585, 24.550462 ], [ 118.1047508, 24.5507222 ] ] ] ] } },
{ "type": "Feature", "properties": { "osm_id": "962600282", "code": 8200, "fclass": "water", "name": "Fanghu" }, "geometry": { "type": "MultiPolygon", "coordinates": [ [ [ [ 118.1489089, 24.5193244 ], [ 118.1489261, 24.519383 ], [ 118.1490119, 24.5194142 ], [ 118.1490849, 24.519383 ], [ 118.1493038, 24.5194884 ], [ 118.1495612, 24.5194962 ], [ 118.1496771, 24.5194064 ], [ 118.1497286, 24.5192737 ], [ 118.1497715, 24.5190628 ], [ 118.1497887, 24.5189691 ], [ 118.1496943, 24.518934 ], [ 118.1495612, 24.5189418 ], [ 118.1494668, 24.5189496 ], [ 118.1493724, 24.5189613 ], [ 118.1495012, 24.5190043 ], [ 118.1495655, 24.5190784 ], [ 118.1495398, 24.5191565 ], [ 118.1494883, 24.5192424 ], [ 118.149351, 24.5192502 ], [ 118.1492909, 24.5191604 ], [ 118.149248, 24.5190784 ], [ 118.1492179, 24.5191253 ], [ 118.149175, 24.5191409 ], [ 118.1491192, 24.5192229 ], [ 118.1490334, 24.5192659 ], [ 118.1489776, 24.5192971 ], [ 118.1489089, 24.5193244 ] ] ] ] } },
{ "type": "Feature", "properties": { "osm_id": "1069582380", "code": 8200, "fclass": "water", "name": null }, "geometry": { "type": "MultiPolygon", "coordinates": [ [ [ [ 118.0540717, 24.487749 ], [ 118.0540985, 24.4881689 ], [ 118.0541682, 24.4886571 ], [ 118.0542219, 24.4887694 ], [ 118.0543292, 24.4888621 ], [ 118.0544633, 24.4889597 ], [ 118.0545652, 24.4888621 ], [ 118.0546403, 24.4887157 ], [ 118.0546778, 24.4884764 ], [ 118.0546725, 24.4882226 ], [ 118.0546939, 24.4880029 ], [ 118.0547208, 24.4878662 ], [ 118.0546939, 24.4878027 ], [ 118.0547047, 24.4877149 ], [ 118.0547744, 24.4876319 ], [ 118.0547959, 24.4875245 ], [ 118.0548978, 24.4873243 ], [ 118.0550694, 24.4871534 ], [ 118.0550694, 24.487046 ], [ 118.0550802, 24.4869533 ], [ 118.0551284, 24.4868752 ], [ 118.0551284, 24.486802 ], [ 118.0550587, 24.4867141 ], [ 118.0548924, 24.4866799 ], [ 118.0545652, 24.486719 ], [ 118.0543506, 24.4867483 ], [ 118.054195, 24.4868312 ], [ 118.0541253, 24.4869484 ], [ 118.0540717, 24.487749 ] ] ] ] } },
{ "type": "Feature", "properties": { "osm_id": "14251726", "code": 8200, "fclass": "water", "name": null }, "geometry": { "type": "MultiPolygon", "coordinates": [ [ [ [ 118.0598362, 24.4923366 ], [ 118.0604745, 24.4928541 ], [ 118.0604638, 24.4929175 ], [ 118.0604316, 24.492981 ], [ 118.0604102, 24.4930396 ], [ 118.0605604, 24.4930591 ], [ 118.0608179, 24.4931177 ], [ 118.0609144, 24.4931519 ], [ 118.061011, 24.4929078 ], [ 118.0611773, 24.4925075 ], [ 118.0612363, 24.4923562 ], [ 118.0613597, 24.4921853 ], [ 118.0613704, 24.4920242 ], [ 118.061526, 24.4917801 ], [ 118.0614884, 24.4915653 ], [ 118.0613382, 24.4915897 ], [ 118.0610539, 24.4917459 ], [ 118.0608769, 24.4916483 ], [ 118.0606033, 24.4916629 ], [ 118.0602814, 24.491907 ], [ 118.0601151, 24.4920486 ], [ 118.0598362, 24.4923366 ] ] ], [ [ [ 118.0614048, 24.4941637 ], [ 118.0616569, 24.4946543 ], [ 118.0617267, 24.4946762 ], [ 118.0617937, 24.4947299 ], [ 118.0618045, 24.4948349 ], [ 118.0618393, 24.4949936 ], [ 118.0619386, 24.4951498 ], [ 118.0620351, 24.4951546 ], [ 118.0621719, 24.4951107 ], [ 118.0623785, 24.4950961 ], [ 118.0626279, 24.4950961 ], [ 118.0628344, 24.495018 ], [ 118.0630061, 24.4948666 ], [ 118.0630758, 24.4947373 ], [ 118.0630222, 24.4945713 ], [ 118.0629042, 24.4944004 ], [ 118.062821, 24.4942345 ], [ 118.0628049, 24.4939904 ], [ 118.0628586, 24.4938268 ], [ 118.0629551, 24.4936853 ], [ 118.0629605, 24.4934802 ], [ 118.0628264, 24.4932288 ], [ 118.0626681, 24.4931214 ], [ 118.0624348, 24.4930555 ], [ 118.0622256, 24.4929506 ], [ 118.0621371, 24.4929457 ], [ 118.0620968, 24.4929823 ], [ 118.0621076, 24.4930385 ], [ 118.0621344, 24.4932508 ], [ 118.0621156, 24.4934485 ], [ 118.0619708, 24.4936633 ], [ 118.0618045, 24.4938635 ], [ 118.0614048, 24.4941637 ] ], [ [ 118.0622417, 24.4939318 ], [ 118.0622578, 24.4938903 ], [ 118.0623114, 24.493839 ], [ 118.0623355, 24.4937585 ], [ 118.0623838, 24.4937243 ], [ 118.0624831, 24.4937243 ], [ 118.0625313, 24.4937976 ], [ 118.062593, 24.493883 ], [ 118.0626333, 24.4939684 ], [ 118.0626413, 24.4940416 ], [ 118.0625984, 24.4941002 ], [ 118.0625018, 24.4941393 ], [ 118.0624241, 24.4941417 ], [ 118.0623355, 24.4941271 ], [ 118.0622765, 24.4940978 ], [ 118.0622417, 24.4940123 ], [ 118.0622417, 24.4939318 ] ] ] ] } },
{ "type": "Feature", "properties": { "osm_id": "1087627925", "code": 8201, "fclass": "reservoir", "name": null }, "geometry": { "type": "MultiPolygon", "coordinates": [ [ [ [ 118.1257109, 24.4534408 ], [ 118.1257109, 24.4534843 ], [ 118.1257586, 24.4535191 ], [ 118.1257801, 24.4535691 ], [ 118.1257801, 24.4536104 ], [ 118.1258732, 24.4536169 ], [ 118.1259544, 24.4536669 ], [ 118.1260021, 24.4537386 ], [ 118.1260117, 24.4538016 ], [ 118.125983, 24.4538777 ], [ 118.1260833, 24.4539016 ], [ 118.1261406, 24.4539472 ], [ 118.1261597, 24.4539972 ], [ 118.1264582, 24.4540841 ], [ 118.1267661, 24.4538168 ], [ 118.1267924, 24.4537755 ], [ 118.1267638, 24.4537147 ], [ 118.1268402, 24.4536321 ], [ 118.1271147, 24.4536256 ], [ 118.1272102, 24.4535865 ], [ 118.1274872, 24.4533887 ], [ 118.1275683, 24.4533561 ], [ 118.1278596, 24.4533213 ], [ 118.1280148, 24.4533452 ], [ 118.1280721, 24.4533887 ], [ 118.12817, 24.4533756 ], [ 118.1283204, 24.4532952 ], [ 118.1283825, 24.4532018 ], [ 118.128392, 24.4531083 ], [ 118.1283395, 24.4530301 ], [ 118.128213, 24.4530084 ], [ 118.1278333, 24.4530105 ], [ 118.1276376, 24.4530301 ], [ 118.1275325, 24.4530866 ], [ 118.1274513, 24.4530388 ], [ 118.1273726, 24.4530279 ], [ 118.1271076, 24.4531279 ], [ 118.1270073, 24.4531279 ], [ 118.1269166, 24.4530736 ], [ 118.1267494, 24.4530366 ], [ 118.1266802, 24.4530388 ], [ 118.126611, 24.4530757 ], [ 118.1263937, 24.4533257 ], [ 118.1263316, 24.4533539 ], [ 118.1262576, 24.4533626 ], [ 118.1260356, 24.453317 ], [ 118.1258446, 24.45333 ], [ 118.1257109, 24.4534408 ] ] ] ] } },
{ "type": "Feature", "properties": { "osm_id": "1089987659", "code": 8200, "fclass": "water", "name": null }, "geometry": { "type": "MultiPolygon", "coordinates": [ [ [ [ 118.1494713, 24.5411868 ], [ 118.1495267, 24.5412036 ], [ 118.1495082, 24.5412484 ], [ 118.1497239, 24.5412653 ], [ 118.1499581, 24.5409682 ], [ 118.1501368, 24.5410691 ], [ 118.1502723, 24.5412092 ], [ 118.1502169, 24.5412821 ], [ 118.1501429, 24.5412653 ], [ 118.1500443, 24.5414054 ], [ 118.1501121, 24.5414951 ], [ 118.1498965, 24.5417361 ], [ 118.1505681, 24.5422798 ], [ 118.1509317, 24.5419715 ], [ 118.1511967, 24.5421509 ], [ 118.1518375, 24.5413886 ], [ 118.1511967, 24.5408897 ], [ 118.1511474, 24.5409233 ], [ 118.1510488, 24.5408112 ], [ 118.1509194, 24.5407832 ], [ 118.1506606, 24.540957 ], [ 118.1499766, 24.5405646 ], [ 118.1498595, 24.5405365 ], [ 118.1497547, 24.5405534 ], [ 118.1494713, 24.5411868 ] ] ] ] } },
{ "type": "Feature", "properties": { "osm_id": "1122193335", "code": 8200, "fclass": "water", "name": "湖泊" }, "geometry": { "type": "MultiPolygon", "coordinates": [ [ [ [ 118.1335938, 24.535053 ], [ 118.1336511, 24.5352094 ], [ 118.1336311, 24.5352541 ], [ 118.1356489, 24.5364047 ], [ 118.1366032, 24.5361844 ], [ 118.1368056, 24.5345504 ], [ 118.1367301, 24.5339076 ], [ 118.1367266, 24.5337183 ], [ 118.1368493, 24.5333758 ], [ 118.1369626, 24.5330594 ], [ 118.1369876, 24.5328373 ], [ 118.1366834, 24.5325467 ], [ 118.1363048, 24.5323398 ], [ 118.1358603, 24.5321761 ], [ 118.1356888, 24.5320679 ], [ 118.1354365, 24.5321395 ], [ 118.1352836, 24.5321615 ], [ 118.1350878, 24.532264 ], [ 118.1348662, 24.5323129 ], [ 118.1340213, 24.5329677 ], [ 118.134082, 24.5330887 ], [ 118.1340659, 24.5332107 ], [ 118.1339634, 24.5333066 ], [ 118.1338088, 24.5333543 ], [ 118.1337467, 24.5334621 ], [ 118.1337896, 24.5338891 ], [ 118.1339264, 24.5340208 ], [ 118.1338612, 24.5342779 ], [ 118.1338271, 24.5343527 ], [ 118.13383, 24.5346609 ], [ 118.1335938, 24.535053 ] ] ] ] } },
{ "type": "Feature", "properties": { "osm_id": "1122819914", "code": 8200, "fclass": "water", "name": null }, "geometry": { "type": "MultiPolygon", "coordinates": [ [ [ [ 118.0565449, 24.4456364 ], [ 118.0565905, 24.4458147 ], [ 118.0566334, 24.445861 ], [ 118.0567488, 24.445778 ], [ 118.0567085, 24.4455876 ], [ 118.0565449, 24.4456364 ] ] ] ] } },
{ "type": "Feature", "properties": { "osm_id": "1122819915", "code": 8200, "fclass": "water", "name": null }, "geometry": { "type": "MultiPolygon", "coordinates": [ [ [ [ 118.0567488, 24.445778 ], [ 118.0567649, 24.4458855 ], [ 118.0569687, 24.4458635 ], [ 118.0570546, 24.4457927 ], [ 118.0571189, 24.4458024 ], [ 118.0571913, 24.4457194 ], [ 118.0572289, 24.4456095 ], [ 118.0572101, 24.4454923 ], [ 118.0567488, 24.445778 ] ] ] ] } },
{ "type": "Feature", "properties": { "osm_id": "1122819916", "code": 8200, "fclass": "water", "name": null }, "geometry": { "type": "MultiPolygon", "coordinates": [ [ [ [ 118.0552125, 24.4473405 ], [ 118.0552146, 24.4473945 ], [ 118.0556679, 24.447392 ], [ 118.0556813, 24.4473578 ], [ 118.0553648, 24.4472626 ], [ 118.0553245, 24.4472309 ], [ 118.0552125, 24.4473405 ] ] ] ] } },
{ "type": "Feature", "properties": { "osm_id": "1122819917", "code": 8200, "fclass": "water", "name": null }, "geometry": { "type": "MultiPolygon", "coordinates": [ [ [ [ 118.0642648, 24.4422804 ], [ 118.0642846, 24.4424311 ], [ 118.0643471, 24.4425079 ], [ 118.0644573, 24.4425781 ], [ 118.0644865, 24.4424469 ], [ 118.0645214, 24.4423736 ], [ 118.0644704, 24.4423614 ], [ 118.0644624, 24.442315 ], [ 118.06438, 24.442252 ], [ 118.0643118, 24.4422452 ], [ 118.0642648, 24.4422804 ] ] ] ] } },
{ "type": "Feature", "properties": { "osm_id": "1122819918", "code": 8200, "fclass": "water", "name": null }, "geometry": { "type": "MultiPolygon", "coordinates": [ [ [ [ 118.0641782, 24.4419323 ], [ 118.064192, 24.4420229 ], [ 118.0642532, 24.4420709 ], [ 118.0642967, 24.4421231 ], [ 118.0642967, 24.4422036 ], [ 118.0644892, 24.4422271 ], [ 118.0644704, 24.4420928 ], [ 118.0644248, 24.4420171 ], [ 118.0645276, 24.4419358 ], [ 118.0644731, 24.4418413 ], [ 118.0644383, 24.4417388 ], [ 118.0643229, 24.4417241 ], [ 118.0642489, 24.4418121 ], [ 118.0641782, 24.4419323 ] ] ] ] } },
{ "type": "Feature", "properties": { "osm_id": "1122819919", "code": 8200, "fclass": "water", "name": null }, "geometry": { "type": "MultiPolygon", "coordinates": [ [ [ [ 118.068018, 24.4412531 ], [ 118.0680514, 24.4412656 ], [ 118.0681345, 24.4411928 ], [ 118.0682673, 24.4410292 ], [ 118.0680889, 24.4410292 ], [ 118.0680862, 24.4410964 ], [ 118.0680352, 24.4411904 ], [ 118.068018, 24.4412531 ] ] ] ] } },
{ "type": "Feature", "properties": { "osm_id": "1123129403", "code": 8200, "fclass": "water", "name": "松柏湖" }, "geometry": { "type": "MultiPolygon", "coordinates": [ [ [ [ 118.1172463, 24.4932237 ], [ 118.1178504, 24.4934104 ], [ 118.1179744, 24.4934921 ], [ 118.1179874, 24.4935793 ], [ 118.1182544, 24.4937174 ], [ 118.1183515, 24.4938168 ], [ 118.1184428, 24.4938979 ], [ 118.1186426, 24.4938695 ], [ 118.1187578, 24.4938024 ], [ 118.1188546, 24.4937856 ], [ 118.1193891, 24.4938066 ], [ 118.1195136, 24.4939073 ], [ 118.1197025, 24.4940289 ], [ 118.119873, 24.4941085 ], [ 118.1199606, 24.4942218 ], [ 118.1199191, 24.4943937 ], [ 118.1197117, 24.4943979 ], [ 118.1196887, 24.4945363 ], [ 118.1204938, 24.4946594 ], [ 118.1207578, 24.4946998 ], [ 118.1208961, 24.4940373 ], [ 118.120956, 24.4939785 ], [ 118.1211311, 24.4940079 ], [ 118.1211494, 24.4936511 ], [ 118.1211541, 24.4935173 ], [ 118.121062, 24.4934208 ], [ 118.1204076, 24.4932447 ], [ 118.1201265, 24.4933495 ], [ 118.1199652, 24.4933076 ], [ 118.1198315, 24.4930685 ], [ 118.1192002, 24.4928379 ], [ 118.1191633, 24.4929301 ], [ 118.1188177, 24.4928085 ], [ 118.1188361, 24.4927247 ], [ 118.1179836, 24.4925359 ], [ 118.1178453, 24.492926 ], [ 118.1173849, 24.4927678 ], [ 118.1172463, 24.4932237 ] ] ] ] } },
{ "type": "Feature", "properties": { "osm_id": "1123132756", "code": 8200, "fclass": "water", "name": null }, "geometry": { "type": "MultiPolygon", "coordinates": [ [ [ [ 118.0986619, 24.440322 ], [ 118.0990347, 24.4406565 ], [ 118.0995577, 24.441709 ], [ 118.0989489, 24.4429494 ], [ 118.0998206, 24.4418799 ], [ 118.10007, 24.4414843 ], [ 118.0998179, 24.4410692 ], [ 118.0998554, 24.4404734 ], [ 118.1008237, 24.440217 ], [ 118.1010651, 24.4397311 ], [ 118.1009409, 24.4392861 ], [ 118.0992815, 24.4401389 ], [ 118.0986619, 24.440322 ] ] ] ] } },
{ "type": "Feature", "properties": { "osm_id": "1123132757", "code": 8200, "fclass": "water", "name": null }, "geometry": { "type": "MultiPolygon", "coordinates": [ [ [ [ 118.1207276, 24.448988 ], [ 118.1208081, 24.44943 ], [ 118.1219427, 24.448822 ], [ 118.1233213, 24.4474644 ], [ 118.1244479, 24.4463485 ], [ 118.1250541, 24.4452741 ], [ 118.1255211, 24.4442562 ], [ 118.124185, 24.4448517 ], [ 118.1235654, 24.4458626 ], [ 118.12275, 24.4466708 ], [ 118.1221921, 24.446812 ], [ 118.1217683, 24.4477769 ], [ 118.1207276, 24.448988 ] ] ] ] } },
{ "type": "Feature", "properties": { "osm_id": "1123132758", "code": 8200, "fclass": "water", "name": null }, "geometry": { "type": "MultiPolygon", "coordinates": [ [ [ [ 118.1101938, 24.4454887 ], [ 118.1105022, 24.4455864 ], [ 118.1108509, 24.4460308 ], [ 118.1112801, 24.4457915 ], [ 118.1115859, 24.4455864 ], [ 118.1117656, 24.4452592 ], [ 118.1113847, 24.4449759 ], [ 118.110572, 24.4443411 ], [ 118.1103165, 24.444834 ], [ 118.1101938, 24.4454887 ] ] ] ] } },
{ "type": "Feature", "properties": { "osm_id": "1123132759", "code": 8200, "fclass": "water", "name": null }, "geometry": { "type": "MultiPolygon", "coordinates": [ [ [ [ 118.1017569, 24.4510417 ], [ 118.1021775, 24.4514011 ], [ 118.1022547, 24.4513698 ], [ 118.1028126, 24.4509401 ], [ 118.1028212, 24.450651 ], [ 118.1024779, 24.45044 ], [ 118.1019886, 24.4505338 ], [ 118.1017569, 24.4510417 ] ] ] ] } },
{ "type": "Feature", "properties": { "osm_id": "1123132760", "code": 8200, "fclass": "water", "name": null }, "geometry": { "type": "MultiPolygon", "coordinates": [ [ [ [ 118.092969, 24.439016 ], [ 118.0931568, 24.4394897 ], [ 118.0933687, 24.4399536 ], [ 118.0942649, 24.4397024 ], [ 118.0944235, 24.4394378 ], [ 118.0946171, 24.4391768 ], [ 118.0944964, 24.4388959 ], [ 118.0942591, 24.4385813 ], [ 118.0941036, 24.4389134 ], [ 118.0938193, 24.4387889 ], [ 118.0934169, 24.438823 ], [ 118.092969, 24.439016 ] ] ] ] } },
{ "type": "Feature", "properties": { "osm_id": "1123132761", "code": 8200, "fclass": "water", "name": null }, "geometry": { "type": "MultiPolygon", "coordinates": [ [ [ [ 118.0906513, 24.442746 ], [ 118.0910429, 24.4429829 ], [ 118.0910992, 24.4429731 ], [ 118.0921989, 24.4424677 ], [ 118.0917671, 24.4420697 ], [ 118.0909153, 24.4423995 ], [ 118.0906513, 24.442746 ] ] ] ] } },
{ "type": "Feature", "properties": { "osm_id": "1123132762", "code": 8200, "fclass": "water", "name": null }, "geometry": { "type": "MultiPolygon", "coordinates": [ [ [ [ 118.0904146, 24.4407912 ], [ 118.0905112, 24.4409304 ], [ 118.0904719, 24.4412374 ], [ 118.0908089, 24.441238 ], [ 118.0909457, 24.4411159 ], [ 118.0909296, 24.440945 ], [ 118.0908626, 24.4407472 ], [ 118.0904146, 24.4407912 ] ] ] ] } },
{ "type": "Feature", "properties": { "osm_id": "1123132763", "code": 8200, "fclass": "water", "name": null }, "geometry": { "type": "MultiPolygon", "coordinates": [ [ [ [ 118.0868502, 24.4405998 ], [ 118.0869567, 24.4411589 ], [ 118.0876851, 24.4411281 ], [ 118.0876221, 24.4405894 ], [ 118.0875562, 24.4400587 ], [ 118.0868956, 24.4402527 ], [ 118.0868502, 24.4405998 ] ] ] ] } },
{ "type": "Feature", "properties": { "osm_id": "1123132764", "code": 8200, "fclass": "water", "name": null }, "geometry": { "type": "MultiPolygon", "coordinates": [ [ [ [ 118.0800147, 24.4416403 ], [ 118.0808026, 24.4421775 ], [ 118.0808998, 24.4425835 ], [ 118.081803, 24.4428386 ], [ 118.0835411, 24.4409401 ], [ 118.0830905, 24.4407301 ], [ 118.0827863, 24.4410091 ], [ 118.0814315, 24.4420756 ], [ 118.0805885, 24.4415499 ], [ 118.080239, 24.441403 ], [ 118.0800147, 24.4416403 ] ] ] ] } },
{ "type": "Feature", "properties": { "osm_id": "1135069833", "code": 8221, "fclass": "wetland", "name": null }, "geometry": { "type": "MultiPolygon", "coordinates": [ [ [ [ 118.1676812, 24.5162353 ], [ 118.1681596, 24.5168369 ], [ 118.1687776, 24.516761 ], [ 118.1689708, 24.5166271 ], [ 118.1692423, 24.5161209 ], [ 118.1691632, 24.516034 ], [ 118.169276, 24.5159489 ], [ 118.1694252, 24.515941 ], [ 118.1692241, 24.5155855 ], [ 118.1689434, 24.5153486 ], [ 118.1688365, 24.5155286 ], [ 118.1687644, 24.5155394 ], [ 118.1687435, 24.51552 ], [ 118.1681473, 24.5155737 ], [ 118.1679325, 24.5157115 ], [ 118.1676812, 24.5162353 ] ] ] ] } },
{ "type": "Feature", "properties": { "osm_id": "1155438901", "code": 8200, "fclass": "water", "name": null }, "geometry": { "type": "MultiPolygon", "coordinates": [ [ [ [ 118.1205322, 24.4447419 ], [ 118.1205732, 24.4447895 ], [ 118.1205844, 24.4448574 ], [ 118.1206371, 24.4449811 ], [ 118.1208685, 24.4451499 ], [ 118.1210879, 24.4453633 ], [ 118.1211737, 24.4454584 ], [ 118.1212073, 24.4455501 ], [ 118.1212222, 24.4455976 ], [ 118.1212707, 24.4456078 ], [ 118.1214012, 24.4455263 ], [ 118.1214348, 24.4453837 ], [ 118.1213938, 24.4453599 ], [ 118.12139, 24.4452539 ], [ 118.1213526, 24.4451552 ], [ 118.1212222, 24.4450917 ], [ 118.1211327, 24.4450475 ], [ 118.1210278, 24.4448488 ], [ 118.1209013, 24.4448177 ], [ 118.1208384, 24.4447365 ], [ 118.1208689, 24.4446688 ], [ 118.1208323, 24.444612 ], [ 118.1207858, 24.4445959 ], [ 118.1207204, 24.4447044 ], [ 118.1206347, 24.4447495 ], [ 118.1205322, 24.4447419 ] ] ] ] } }
]
}
